Negocio / Servicio,Rubro / Categoria,Telefono,WhatsApp Link Directo,Formula Excel WhatsApp,Situacion Web,Enlace Red Social,Google Maps URL,Puntuacion,Cantidad Resenas,Direccion,Ciudad
El Cóctel Bar de Barras Moviles,Coctelería,+54 264 671-7071,https://wa.me/5492646717071?text=Hola%20El%20C%C3%B3ctel%20Bar%20de%20Barras%20Moviles%21%20Soy%20Erik%20de%20Erik%20Website%20aca%20en%20San%20Juan.%20Vi%20sus%20buenas%20referencias%20en%20eventos%20pero%20note%20que%20no%20cuentan%20con%20un%20sitio%20web%20propio%20para%20mostrar%20sus%20opciones%20de%20menu%2C%20barras%20y%20cotizaciones%20directas%20a%20WhatsApp.%20Les%20puedo%20compartir%20una%20demo%20rapida%20que%20armamos%20para%20servicios%20gastronomicos%20y%20eventos%3F,"=HIPERVINCULO(""https://wa.me/5492646717071?text=Hola%20El%20C%C3%B3ctel%20Bar%20de%20Barras%20Moviles%21%20Soy%20Erik%20de%20Erik%20Website%20aca%20en%20San%20Juan.%20Vi%20sus%20buenas%20referencias%20en%20eventos%20pero%20note%20que%20no%20cuentan%20con%20un%20sitio%20web%20propio%20para%20mostrar%20sus%20opciones%20de%20menu%2C%20barras%20y%20cotizaciones%20directas%20a%20WhatsApp.%20Les%20puedo%20compartir%20una%20demo%20rapida%20que%20armamos%20para%20servicios%20gastronomicos%20y%20eventos%3F""; ""Enviar WhatsApp"")",Sin pagina web,,https://www.google.com/maps/search/?api=1&query=El%20C%C3%B3ctel%20Bar%20de%20Barras%20Moviles&query_place_id=ChIJFbEJmQpBgZYRvZRWJEvLblI,5,8,"Ing. Quiroga 8949, J5413 Chimbas, San Juan, Argentina",Chimbas
Lúbar Drinks,Bar,+54 264 452-5043,https://wa.me/5492644525043?text=Hola%20L%C3%BAbar%20Drinks%21%20Soy%20Erik%20de%20Erik%20Website%20aca%20en%20San%20Juan.%20Vi%20sus%20buenas%20referencias%20en%20eventos%20pero%20note%20que%20no%20cuentan%20con%20un%20sitio%20web%20propio%20para%20mostrar%20sus%20opciones%20de%20menu%2C%20barras%20y%20cotizaciones%20directas%20a%20WhatsApp.%20Les%20puedo%20compartir%20una%20demo%20rapida%20que%20armamos%20para%20servicios%20gastronomicos%20y%20eventos%3F,"=HIPERVINCULO(""https://wa.me/5492644525043?text=Hola%20L%C3%BAbar%20Drinks%21%20Soy%20Erik%20de%20Erik%20Website%20aca%20en%20San%20Juan.%20Vi%20sus%20buenas%20referencias%20en%20eventos%20pero%20note%20que%20no%20cuentan%20con%20un%20sitio%20web%20propio%20para%20mostrar%20sus%20opciones%20de%20menu%2C%20barras%20y%20cotizaciones%20directas%20a%20WhatsApp.%20Les%20puedo%20compartir%20una%20demo%20rapida%20que%20armamos%20para%20servicios%20gastronomicos%20y%20eventos%3F""; ""Enviar WhatsApp"")",Sin pagina web,,https://www.google.com/maps/search/?api=1&query=L%C3%BAbar%20Drinks&query_place_id=ChIJ_13TXFpAgZYRWFYyPCivV7o,4.6,56,"Cmte. Cabot Oeste 3207 Oeste, J5400 Rivadavia, San Juan, Argentina",Rivadavia
Bahía Drinks cocteles y tragos,Servicio de catering,+54 264 622-7103,https://wa.me/5492646227103?text=Hola%20Bah%C3%ADa%20Drinks%20cocteles%20y%20tragos%21%20Soy%20Erik%20de%20Erik%20Website%20aca%20en%20San%20Juan.%20Vi%20sus%20buenas%20referencias%20en%20eventos%20pero%20note%20que%20no%20cuentan%20con%20un%20sitio%20web%20propio%20para%20mostrar%20sus%20opciones%20de%20menu%2C%20barras%20y%20cotizaciones%20directas%20a%20WhatsApp.%20Les%20puedo%20compartir%20una%20demo%20rapida%20que%20armamos%20para%20servicios%20gastronomicos%20y%20eventos%3F,"=HIPERVINCULO(""https://wa.me/5492646227103?text=Hola%20Bah%C3%ADa%20Drinks%20cocteles%20y%20tragos%21%20Soy%20Erik%20de%20Erik%20Website%20aca%20en%20San%20Juan.%20Vi%20sus%20buenas%20referencias%20en%20eventos%20pero%20note%20que%20no%20cuentan%20con%20un%20sitio%20web%20propio%20para%20mostrar%20sus%20opciones%20de%20menu%2C%20barras%20y%20cotizaciones%20directas%20a%20WhatsApp.%20Les%20puedo%20compartir%20una%20demo%20rapida%20que%20armamos%20para%20servicios%20gastronomicos%20y%20eventos%3F""; ""Enviar WhatsApp"")",Sin pagina web,,https://www.google.com/maps/search/?api=1&query=Bah%C3%ADa%20Drinks%20cocteles%20y%20tragos&query_place_id=ChIJN-6X8EHvwAQRABL5dPC6Pg4,,,,San Juan
El Ciprés catering,Servicio de catering,+54 264 457-1315,https://wa.me/5492644571315?text=Hola%20El%20Cipr%C3%A9s%20catering%21%20Soy%20Erik%20de%20Erik%20Website%20aca%20en%20San%20Juan.%20Vi%20sus%20buenas%20referencias%20en%20eventos%20pero%20note%20que%20no%20cuentan%20con%20un%20sitio%20web%20propio%20para%20mostrar%20sus%20opciones%20de%20menu%2C%20barras%20y%20cotizaciones%20directas%20a%20WhatsApp.%20Les%20puedo%20compartir%20una%20demo%20rapida%20que%20armamos%20para%20servicios%20gastronomicos%20y%20eventos%3F,"=HIPERVINCULO(""https://wa.me/5492644571315?text=Hola%20El%20Cipr%C3%A9s%20catering%21%20Soy%20Erik%20de%20Erik%20Website%20aca%20en%20San%20Juan.%20Vi%20sus%20buenas%20referencias%20en%20eventos%20pero%20note%20que%20no%20cuentan%20con%20un%20sitio%20web%20propio%20para%20mostrar%20sus%20opciones%20de%20menu%2C%20barras%20y%20cotizaciones%20directas%20a%20WhatsApp.%20Les%20puedo%20compartir%20una%20demo%20rapida%20que%20armamos%20para%20servicios%20gastronomicos%20y%20eventos%3F""; ""Enviar WhatsApp"")",Sin pagina web,,https://www.google.com/maps/search/?api=1&query=El%20Cipr%C3%A9s%20catering&query_place_id=ChIJH-GxsXNqgZYRv69Ev6f_HUA,4.7,52,"Av. Nazario Benavidez 819, J5400 San Juan, Argentina",San Juan
Matias Sigalat,Servicio de catering,+54 264 441-6616,https://wa.me/5492644416616?text=Hola%20Matias%20Sigalat%21%20Soy%20Erik%20de%20Erik%20Website%20aca%20en%20San%20Juan.%20Vi%20sus%20buenas%20referencias%20en%20eventos%20pero%20note%20que%20no%20cuentan%20con%20un%20sitio%20web%20propio%20para%20mostrar%20sus%20opciones%20de%20menu%2C%20barras%20y%20cotizaciones%20directas%20a%20WhatsApp.%20Les%20puedo%20compartir%20una%20demo%20rapida%20que%20armamos%20para%20servicios%20gastronomicos%20y%20eventos%3F,"=HIPERVINCULO(""https://wa.me/5492644416616?text=Hola%20Matias%20Sigalat%21%20Soy%20Erik%20de%20Erik%20Website%20aca%20en%20San%20Juan.%20Vi%20sus%20buenas%20referencias%20en%20eventos%20pero%20note%20que%20no%20cuentan%20con%20un%20sitio%20web%20propio%20para%20mostrar%20sus%20opciones%20de%20menu%2C%20barras%20y%20cotizaciones%20directas%20a%20WhatsApp.%20Les%20puedo%20compartir%20una%20demo%20rapida%20que%20armamos%20para%20servicios%20gastronomicos%20y%20eventos%3F""; ""Enviar WhatsApp"")",Sin pagina web,,https://www.google.com/maps/search/?api=1&query=Matias%20Sigalat&query_place_id=ChIJeWgoUclBgZYRFtjYmHSthN0,4.6,48,"J5400FYF, Jorge Luis Fontana Nte. 1026, J5400FYF San Juan, Argentina",San Juan
Palermo Soho eventos,Servicio de catering,+54 264 627-4024,https://wa.me/5492646274024?text=Hola%20Palermo%20Soho%20eventos%21%20Soy%20Erik%20de%20Erik%20Website%20aca%20en%20San%20Juan.%20Vi%20sus%20buenas%20referencias%20en%20eventos%20pero%20note%20que%20no%20cuentan%20con%20un%20sitio%20web%20propio%20para%20mostrar%20sus%20opciones%20de%20menu%2C%20barras%20y%20cotizaciones%20directas%20a%20WhatsApp.%20Les%20puedo%20compartir%20una%20demo%20rapida%20que%20armamos%20para%20servicios%20gastronomicos%20y%20eventos%3F,"=HIPERVINCULO(""https://wa.me/5492646274024?text=Hola%20Palermo%20Soho%20eventos%21%20Soy%20Erik%20de%20Erik%20Website%20aca%20en%20San%20Juan.%20Vi%20sus%20buenas%20referencias%20en%20eventos%20pero%20note%20que%20no%20cuentan%20con%20un%20sitio%20web%20propio%20para%20mostrar%20sus%20opciones%20de%20menu%2C%20barras%20y%20cotizaciones%20directas%20a%20WhatsApp.%20Les%20puedo%20compartir%20una%20demo%20rapida%20que%20armamos%20para%20servicios%20gastronomicos%20y%20eventos%3F""; ""Enviar WhatsApp"")",Sin pagina web,,https://www.google.com/maps/search/?api=1&query=Palermo%20Soho%20eventos&query_place_id=ChIJxfvj_f1rgZYRXODnJ_Jct60,4.8,5,"Mariano Moreno Este 836, J5402AZR San Juan, Argentina",San Juan
Casa fernandez servicio para fiesta,Empresa de organización de eventos,+54 264 417-7571,https://wa.me/5492644177571?text=Hola%20Casa%20fernandez%20servicio%20para%20fiesta%21%20Soy%20Erik%20de%20Erik%20Website%20aca%20en%20San%20Juan.%20Vi%20sus%20buenas%20referencias%20en%20eventos%20pero%20note%20que%20no%20cuentan%20con%20un%20sitio%20web%20propio%20para%20mostrar%20sus%20opciones%20de%20menu%2C%20barras%20y%20cotizaciones%20directas%20a%20WhatsApp.%20Les%20puedo%20compartir%20una%20demo%20rapida%20que%20armamos%20para%20servicios%20gastronomicos%20y%20eventos%3F,"=HIPERVINCULO(""https://wa.me/5492644177571?text=Hola%20Casa%20fernandez%20servicio%20para%20fiesta%21%20Soy%20Erik%20de%20Erik%20Website%20aca%20en%20San%20Juan.%20Vi%20sus%20buenas%20referencias%20en%20eventos%20pero%20note%20que%20no%20cuentan%20con%20un%20sitio%20web%20propio%20para%20mostrar%20sus%20opciones%20de%20menu%2C%20barras%20y%20cotizaciones%20directas%20a%20WhatsApp.%20Les%20puedo%20compartir%20una%20demo%20rapida%20que%20armamos%20para%20servicios%20gastronomicos%20y%20eventos%3F""; ""Enviar WhatsApp"")",Sin pagina web,,https://www.google.com/maps/search/?api=1&query=Casa%20fernandez%20servicio%20para%20fiesta&query_place_id=ChIJCSaNQ7VBgZYRcw8tiKJ6Hxk,4.8,19,"Matías Zavalla Nte. 285 norte, J5400 San Juan, Argentina",San Juan
Gastronomia Ramos,Empresa de organización de eventos,+54 264 422-5825,https://wa.me/5492644225825?text=Hola%20Gastronomia%20Ramos%21%20Soy%20Erik%20de%20Erik%20Website%20aca%20en%20San%20Juan.%20Vi%20sus%20buenas%20referencias%20en%20eventos%20pero%20note%20que%20no%20cuentan%20con%20un%20sitio%20web%20propio%20para%20mostrar%20sus%20opciones%20de%20menu%2C%20barras%20y%20cotizaciones%20directas%20a%20WhatsApp.%20Les%20puedo%20compartir%20una%20demo%20rapida%20que%20armamos%20para%20servicios%20gastronomicos%20y%20eventos%3F,"=HIPERVINCULO(""https://wa.me/5492644225825?text=Hola%20Gastronomia%20Ramos%21%20Soy%20Erik%20de%20Erik%20Website%20aca%20en%20San%20Juan.%20Vi%20sus%20buenas%20referencias%20en%20eventos%20pero%20note%20que%20no%20cuentan%20con%20un%20sitio%20web%20propio%20para%20mostrar%20sus%20opciones%20de%20menu%2C%20barras%20y%20cotizaciones%20directas%20a%20WhatsApp.%20Les%20puedo%20compartir%20una%20demo%20rapida%20que%20armamos%20para%20servicios%20gastronomicos%20y%20eventos%3F""; ""Enviar WhatsApp"")",Sin pagina web,,https://www.google.com/maps/search/?api=1&query=Gastronomia%20Ramos&query_place_id=ChIJbTA2JB5AgZYRk1P0vPr_THk,4.2,18,"Agustín Gómez Oeste 79, J5402 BYA, San Juan, Argentina",BYA
Candy Fiesta cátering,Servicio de catering,+54 264 566-3980,https://wa.me/5492645663980?text=Hola%20Candy%20Fiesta%20c%C3%A1tering%21%20Soy%20Erik%20de%20Erik%20Website%20aca%20en%20San%20Juan.%20Vi%20sus%20buenas%20referencias%20en%20eventos%20pero%20note%20que%20no%20cuentan%20con%20un%20sitio%20web%20propio%20para%20mostrar%20sus%20opciones%20de%20menu%2C%20barras%20y%20cotizaciones%20directas%20a%20WhatsApp.%20Les%20puedo%20compartir%20una%20demo%20rapida%20que%20armamos%20para%20servicios%20gastronomicos%20y%20eventos%3F,"=HIPERVINCULO(""https://wa.me/5492645663980?text=Hola%20Candy%20Fiesta%20c%C3%A1tering%21%20Soy%20Erik%20de%20Erik%20Website%20aca%20en%20San%20Juan.%20Vi%20sus%20buenas%20referencias%20en%20eventos%20pero%20note%20que%20no%20cuentan%20con%20un%20sitio%20web%20propio%20para%20mostrar%20sus%20opciones%20de%20menu%2C%20barras%20y%20cotizaciones%20directas%20a%20WhatsApp.%20Les%20puedo%20compartir%20una%20demo%20rapida%20que%20armamos%20para%20servicios%20gastronomicos%20y%20eventos%3F""; ""Enviar WhatsApp"")",Solo Red Social / Linktree,https://www.facebook.com/candyfiestacup/,https://www.google.com/maps/search/?api=1&query=Candy%20Fiesta%20c%C3%A1tering&query_place_id=ChIJkY5QD2NAgZYRaeNlzA_2vnA,4.5,54,"B udap 4 mza b casa 17, J5425 Rawson, San Juan, Argentina",Rawson
C y E catering y organizacion de eventos,Restaurante de comida para llevar,+54 264 527-5135,https://wa.me/5492645275135?text=Hola%20C%20y%20E%20catering%20y%20organizacion%20de%20eventos%21%20Soy%20Erik%20de%20Erik%20Website%20aca%20en%20San%20Juan.%20Vi%20sus%20buenas%20referencias%20en%20eventos%20pero%20note%20que%20no%20cuentan%20con%20un%20sitio%20web%20propio%20para%20mostrar%20sus%20opciones%20de%20menu%2C%20barras%20y%20cotizaciones%20directas%20a%20WhatsApp.%20Les%20puedo%20compartir%20una%20demo%20rapida%20que%20armamos%20para%20servicios%20gastronomicos%20y%20eventos%3F,"=HIPERVINCULO(""https://wa.me/5492645275135?text=Hola%20C%20y%20E%20catering%20y%20organizacion%20de%20eventos%21%20Soy%20Erik%20de%20Erik%20Website%20aca%20en%20San%20Juan.%20Vi%20sus%20buenas%20referencias%20en%20eventos%20pero%20note%20que%20no%20cuentan%20con%20un%20sitio%20web%20propio%20para%20mostrar%20sus%20opciones%20de%20menu%2C%20barras%20y%20cotizaciones%20directas%20a%20WhatsApp.%20Les%20puedo%20compartir%20una%20demo%20rapida%20que%20armamos%20para%20servicios%20gastronomicos%20y%20eventos%3F""; ""Enviar WhatsApp"")",Solo Red Social / Linktree,https://instagram.com/c.e_pasteleria_catering_evento?igshid=YjM2YjNmNDA=,https://www.google.com/maps/search/?api=1&query=C%20y%20E%20catering%20y%20organizacion%20de%20eventos&query_place_id=ChIJSxVLcJxBgZYRrCgdQ23bwQw,4.9,9,"Alem y benjamin aguilar, J5425 San Juan, Argentina",San Juan
Tomasa Eventos/ Perniles de cerdo & Ternera,Comida a domicilio,+54 264 531-3580,https://wa.me/5492645313580?text=Hola%20Tomasa%20Eventos/%20Perniles%20de%20cerdo%20%26%20Ternera%21%20Soy%20Erik%20de%20Erik%20Website%20aca%20en%20San%20Juan.%20Vi%20sus%20buenas%20referencias%20en%20eventos%20pero%20note%20que%20no%20cuentan%20con%20un%20sitio%20web%20propio%20para%20mostrar%20sus%20opciones%20de%20menu%2C%20barras%20y%20cotizaciones%20directas%20a%20WhatsApp.%20Les%20puedo%20compartir%20una%20demo%20rapida%20que%20armamos%20para%20servicios%20gastronomicos%20y%20eventos%3F,"=HIPERVINCULO(""https://wa.me/5492645313580?text=Hola%20Tomasa%20Eventos/%20Perniles%20de%20cerdo%20%26%20Ternera%21%20Soy%20Erik%20de%20Erik%20Website%20aca%20en%20San%20Juan.%20Vi%20sus%20buenas%20referencias%20en%20eventos%20pero%20note%20que%20no%20cuentan%20con%20un%20sitio%20web%20propio%20para%20mostrar%20sus%20opciones%20de%20menu%2C%20barras%20y%20cotizaciones%20directas%20a%20WhatsApp.%20Les%20puedo%20compartir%20una%20demo%20rapida%20que%20armamos%20para%20servicios%20gastronomicos%20y%20eventos%3F""; ""Enviar WhatsApp"")",Sin pagina web,,https://www.google.com/maps/search/?api=1&query=Tomasa%20Eventos%2F%20Perniles%20de%20cerdo%20%26%20Ternera&query_place_id=ChIJ9fFdhGdrgZYRCEUOp5M_0ZY,4.9,14,"Santa Maria de Oro 59 norte, J5411 Santa Lucía, San Juan, Argentina",Santa Lucía
Jorge Vargas Catering-Eventos,Servicio de catering,+54 264 560-1612,https://wa.me/5492645601612?text=Hola%20Jorge%20Vargas%20Catering-Eventos%21%20Soy%20Erik%20de%20Erik%20Website%20aca%20en%20San%20Juan.%20Vi%20sus%20buenas%20referencias%20en%20eventos%20pero%20note%20que%20no%20cuentan%20con%20un%20sitio%20web%20propio%20para%20mostrar%20sus%20opciones%20de%20menu%2C%20barras%20y%20cotizaciones%20directas%20a%20WhatsApp.%20Les%20puedo%20compartir%20una%20demo%20rapida%20que%20armamos%20para%20servicios%20gastronomicos%20y%20eventos%3F,"=HIPERVINCULO(""https://wa.me/5492645601612?text=Hola%20Jorge%20Vargas%20Catering-Eventos%21%20Soy%20Erik%20de%20Erik%20Website%20aca%20en%20San%20Juan.%20Vi%20sus%20buenas%20referencias%20en%20eventos%20pero%20note%20que%20no%20cuentan%20con%20un%20sitio%20web%20propio%20para%20mostrar%20sus%20opciones%20de%20menu%2C%20barras%20y%20cotizaciones%20directas%20a%20WhatsApp.%20Les%20puedo%20compartir%20una%20demo%20rapida%20que%20armamos%20para%20servicios%20gastronomicos%20y%20eventos%3F""; ""Enviar WhatsApp"")",Sin pagina web,,https://www.google.com/maps/search/?api=1&query=Jorge%20Vargas%20Catering-Eventos&query_place_id=ChIJ_Q-xxVtBgZYRlFl-2s2ZfeQ,4.6,5,"C. Boulogne Sur Mer Este 1635 E, J5411 Santa Lucía, San Juan, Argentina",Santa Lucía
JUAN JESUS EVENTOS,Proveedor mayorista de alimentos y bebidas,+54 264 471-0263,https://wa.me/5492644710263?text=Hola%20JUAN%20JESUS%20EVENTOS%21%20Soy%20Erik%20de%20Erik%20Website%20aca%20en%20San%20Juan.%20Vi%20sus%20buenas%20referencias%20en%20eventos%20pero%20note%20que%20no%20cuentan%20con%20un%20sitio%20web%20propio%20para%20mostrar%20sus%20opciones%20de%20menu%2C%20barras%20y%20cotizaciones%20directas%20a%20WhatsApp.%20Les%20puedo%20compartir%20una%20demo%20rapida%20que%20armamos%20para%20servicios%20gastronomicos%20y%20eventos%3F,"=HIPERVINCULO(""https://wa.me/5492644710263?text=Hola%20JUAN%20JESUS%20EVENTOS%21%20Soy%20Erik%20de%20Erik%20Website%20aca%20en%20San%20Juan.%20Vi%20sus%20buenas%20referencias%20en%20eventos%20pero%20note%20que%20no%20cuentan%20con%20un%20sitio%20web%20propio%20para%20mostrar%20sus%20opciones%20de%20menu%2C%20barras%20y%20cotizaciones%20directas%20a%20WhatsApp.%20Les%20puedo%20compartir%20una%20demo%20rapida%20que%20armamos%20para%20servicios%20gastronomicos%20y%20eventos%3F""; ""Enviar WhatsApp"")",Solo Red Social / Linktree,https://www.facebook.com/juan-jesus-eventos,https://www.google.com/maps/search/?api=1&query=JUAN%20JESUS%20EVENTOS&query_place_id=ChIJCxwBzI5BgZYRjX4Uh-x7WL4,5,1,"J Alvarez, Gral. Arenales 400, 5400 San Juan, Argentina",San Juan
Noe & Sol Catering Para Eventos,Servicio de catering,+54 264 561-9061,https://wa.me/5492645619061?text=Hola%20Noe%20%26%20Sol%20Catering%20Para%20Eventos%21%20Soy%20Erik%20de%20Erik%20Website%20aca%20en%20San%20Juan.%20Vi%20sus%20buenas%20referencias%20en%20eventos%20pero%20note%20que%20no%20cuentan%20con%20un%20sitio%20web%20propio%20para%20mostrar%20sus%20opciones%20de%20menu%2C%20barras%20y%20cotizaciones%20directas%20a%20WhatsApp.%20Les%20puedo%20compartir%20una%20demo%20rapida%20que%20armamos%20para%20servicios%20gastronomicos%20y%20eventos%3F,"=HIPERVINCULO(""https://wa.me/5492645619061?text=Hola%20Noe%20%26%20Sol%20Catering%20Para%20Eventos%21%20Soy%20Erik%20de%20Erik%20Website%20aca%20en%20San%20Juan.%20Vi%20sus%20buenas%20referencias%20en%20eventos%20pero%20note%20que%20no%20cuentan%20con%20un%20sitio%20web%20propio%20para%20mostrar%20sus%20opciones%20de%20menu%2C%20barras%20y%20cotizaciones%20directas%20a%20WhatsApp.%20Les%20puedo%20compartir%20una%20demo%20rapida%20que%20armamos%20para%20servicios%20gastronomicos%20y%20eventos%3F""; ""Enviar WhatsApp"")",Sin pagina web,,https://www.google.com/maps/search/?api=1&query=Noe%20%26%20Sol%20Catering%20Para%20Eventos&query_place_id=ChIJf6zjd0Q_gZYRWUtmKah0aXU,4.5,26,"David Chávez, Miguel Atencio y, Villa Aberastain, San Juan, Argentina",Villa Aberastain
Buenos Aires - Servicio de Lunch,Servicio de catering,+54 264 421-0297,https://wa.me/5492644210297?text=Hola%20Buenos%20Aires%20-%20Servicio%20de%20Lunch%21%20Soy%20Erik%20de%20Erik%20Website%20aca%20en%20San%20Juan.%20Vi%20sus%20buenas%20referencias%20en%20eventos%20pero%20note%20que%20no%20cuentan%20con%20un%20sitio%20web%20propio%20para%20mostrar%20sus%20opciones%20de%20menu%2C%20barras%20y%20cotizaciones%20directas%20a%20WhatsApp.%20Les%20puedo%20compartir%20una%20demo%20rapida%20que%20armamos%20para%20servicios%20gastronomicos%20y%20eventos%3F,"=HIPERVINCULO(""https://wa.me/5492644210297?text=Hola%20Buenos%20Aires%20-%20Servicio%20de%20Lunch%21%20Soy%20Erik%20de%20Erik%20Website%20aca%20en%20San%20Juan.%20Vi%20sus%20buenas%20referencias%20en%20eventos%20pero%20note%20que%20no%20cuentan%20con%20un%20sitio%20web%20propio%20para%20mostrar%20sus%20opciones%20de%20menu%2C%20barras%20y%20cotizaciones%20directas%20a%20WhatsApp.%20Les%20puedo%20compartir%20una%20demo%20rapida%20que%20armamos%20para%20servicios%20gastronomicos%20y%20eventos%3F""; ""Enviar WhatsApp"")",Sin pagina web,,https://www.google.com/maps/search/?api=1&query=Buenos%20Aires%20-%20Servicio%20de%20Lunch&query_place_id=ChIJ7XX6IoZqgZYRGAVNxtctiOw,4.2,38,"Buenaventura Luna 228 norte, J5400 San Juan, Argentina",San Juan
Catering Los Grillos de Santos de Domingo Quintero,Servicio de catering,+54 264 421-1242,https://wa.me/5492644211242?text=Hola%20Catering%20Los%20Grillos%20de%20Santos%20de%20Domingo%20Quintero%21%20Soy%20Erik%20de%20Erik%20Website%20aca%20en%20San%20Juan.%20Vi%20sus%20buenas%20referencias%20en%20eventos%20pero%20note%20que%20no%20cuentan%20con%20un%20sitio%20web%20propio%20para%20mostrar%20sus%20opciones%20de%20menu%2C%20barras%20y%20cotizaciones%20directas%20a%20WhatsApp.%20Les%20puedo%20compartir%20una%20demo%20rapida%20que%20armamos%20para%20servicios%20gastronomicos%20y%20eventos%3F,"=HIPERVINCULO(""https://wa.me/5492644211242?text=Hola%20Catering%20Los%20Grillos%20de%20Santos%20de%20Domingo%20Quintero%21%20Soy%20Erik%20de%20Erik%20Website%20aca%20en%20San%20Juan.%20Vi%20sus%20buenas%20referencias%20en%20eventos%20pero%20note%20que%20no%20cuentan%20con%20un%20sitio%20web%20propio%20para%20mostrar%20sus%20opciones%20de%20menu%2C%20barras%20y%20cotizaciones%20directas%20a%20WhatsApp.%20Les%20puedo%20compartir%20una%20demo%20rapida%20que%20armamos%20para%20servicios%20gastronomicos%20y%20eventos%3F""; ""Enviar WhatsApp"")",Sin pagina web,,https://www.google.com/maps/search/?api=1&query=Catering%20Los%20Grillos%20de%20Santos%20de%20Domingo%20Quintero&query_place_id=ChIJ9ReCRXtqgZYRUjWdlX-fGZ0,4,15,"San Lorenzo Este 1015, J5400 San Juan, Argentina",San Juan
Monti Evento,Servicio de catering,+54 264 457-6779,https://wa.me/5492644576779?text=Hola%20Monti%20Evento%21%20Soy%20Erik%20de%20Erik%20Website%20aca%20en%20San%20Juan.%20Vi%20sus%20buenas%20referencias%20en%20eventos%20pero%20note%20que%20no%20cuentan%20con%20un%20sitio%20web%20propio%20para%20mostrar%20sus%20opciones%20de%20menu%2C%20barras%20y%20cotizaciones%20directas%20a%20WhatsApp.%20Les%20puedo%20compartir%20una%20demo%20rapida%20que%20armamos%20para%20servicios%20gastronomicos%20y%20eventos%3F,"=HIPERVINCULO(""https://wa.me/5492644576779?text=Hola%20Monti%20Evento%21%20Soy%20Erik%20de%20Erik%20Website%20aca%20en%20San%20Juan.%20Vi%20sus%20buenas%20referencias%20en%20eventos%20pero%20note%20que%20no%20cuentan%20con%20un%20sitio%20web%20propio%20para%20mostrar%20sus%20opciones%20de%20menu%2C%20barras%20y%20cotizaciones%20directas%20a%20WhatsApp.%20Les%20puedo%20compartir%20una%20demo%20rapida%20que%20armamos%20para%20servicios%20gastronomicos%20y%20eventos%3F""; ""Enviar WhatsApp"")",Sin pagina web,,https://www.google.com/maps/search/?api=1&query=Monti%20Evento&query_place_id=ChIJyyoGobRBgZYRikfb37L89kY,4.9,7,"Norte (B° Aramburu, C. Cipolletti N 933, J5400 Rivadavia, San Juan, Argentina",Rivadavia
Comidas Ariel Catering Y Eventos,Restaurante,+54 264 427-2923,https://wa.me/5492644272923?text=Hola%20Comidas%20Ariel%20Catering%20Y%20Eventos%21%20Soy%20Erik%20de%20Erik%20Website%20aca%20en%20San%20Juan.%20Vi%20sus%20buenas%20referencias%20en%20eventos%20pero%20note%20que%20no%20cuentan%20con%20un%20sitio%20web%20propio%20para%20mostrar%20sus%20opciones%20de%20menu%2C%20barras%20y%20cotizaciones%20directas%20a%20WhatsApp.%20Les%20puedo%20compartir%20una%20demo%20rapida%20que%20armamos%20para%20servicios%20gastronomicos%20y%20eventos%3F,"=HIPERVINCULO(""https://wa.me/5492644272923?text=Hola%20Comidas%20Ariel%20Catering%20Y%20Eventos%21%20Soy%20Erik%20de%20Erik%20Website%20aca%20en%20San%20Juan.%20Vi%20sus%20buenas%20referencias%20en%20eventos%20pero%20note%20que%20no%20cuentan%20con%20un%20sitio%20web%20propio%20para%20mostrar%20sus%20opciones%20de%20menu%2C%20barras%20y%20cotizaciones%20directas%20a%20WhatsApp.%20Les%20puedo%20compartir%20una%20demo%20rapida%20que%20armamos%20para%20servicios%20gastronomicos%20y%20eventos%3F""; ""Enviar WhatsApp"")",Sin pagina web,,https://www.google.com/maps/search/?api=1&query=Comidas%20Ariel%20Catering%20Y%20Eventos&query_place_id=ChIJxeo84H1qgZYRGCfYLdDmwVc,4,30,"Caseros Nte. 703, J5400 San Juan, Argentina",San Juan
ALMA EVENTOS,Servicio de catering,+54 264 410-5558,https://wa.me/5492644105558?text=Hola%20ALMA%20EVENTOS%21%20Soy%20Erik%20de%20Erik%20Website%20aca%20en%20San%20Juan.%20Vi%20sus%20buenas%20referencias%20en%20eventos%20pero%20note%20que%20no%20cuentan%20con%20un%20sitio%20web%20propio%20para%20mostrar%20sus%20opciones%20de%20menu%2C%20barras%20y%20cotizaciones%20directas%20a%20WhatsApp.%20Les%20puedo%20compartir%20una%20demo%20rapida%20que%20armamos%20para%20servicios%20gastronomicos%20y%20eventos%3F,"=HIPERVINCULO(""https://wa.me/5492644105558?text=Hola%20ALMA%20EVENTOS%21%20Soy%20Erik%20de%20Erik%20Website%20aca%20en%20San%20Juan.%20Vi%20sus%20buenas%20referencias%20en%20eventos%20pero%20note%20que%20no%20cuentan%20con%20un%20sitio%20web%20propio%20para%20mostrar%20sus%20opciones%20de%20menu%2C%20barras%20y%20cotizaciones%20directas%20a%20WhatsApp.%20Les%20puedo%20compartir%20una%20demo%20rapida%20que%20armamos%20para%20servicios%20gastronomicos%20y%20eventos%3F""; ""Enviar WhatsApp"")",Sin pagina web,,https://www.google.com/maps/search/?api=1&query=ALMA%20EVENTOS&query_place_id=ChIJ7R8cH-hrgZYRPSZ_kUwzdPw,4.7,3,"5411 Lucia del bosque 1470, J5411 San Juan, Argentina",San Juan
Finca El Oasis,Salón para eventos,+54 264 418-3410,https://wa.me/5492644183410?text=Hola%20Finca%20El%20Oasis%21%20Soy%20Erik%20de%20Erik%20Website%20aca%20en%20San%20Juan.%20Vi%20sus%20buenas%20referencias%20en%20eventos%20pero%20note%20que%20no%20cuentan%20con%20un%20sitio%20web%20propio%20para%20mostrar%20sus%20opciones%20de%20menu%2C%20barras%20y%20cotizaciones%20directas%20a%20WhatsApp.%20Les%20puedo%20compartir%20una%20demo%20rapida%20que%20armamos%20para%20servicios%20gastronomicos%20y%20eventos%3F,"=HIPERVINCULO(""https://wa.me/5492644183410?text=Hola%20Finca%20El%20Oasis%21%20Soy%20Erik%20de%20Erik%20Website%20aca%20en%20San%20Juan.%20Vi%20sus%20buenas%20referencias%20en%20eventos%20pero%20note%20que%20no%20cuentan%20con%20un%20sitio%20web%20propio%20para%20mostrar%20sus%20opciones%20de%20menu%2C%20barras%20y%20cotizaciones%20directas%20a%20WhatsApp.%20Les%20puedo%20compartir%20una%20demo%20rapida%20que%20armamos%20para%20servicios%20gastronomicos%20y%20eventos%3F""; ""Enviar WhatsApp"")",Sin pagina web,,https://www.google.com/maps/search/?api=1&query=Finca%20El%20Oasis&query_place_id=ChIJsfRrmJVDg5YRx1r_KlpQXwM,4.6,22,"Pampa del Chañar, San Juan, Argentina",Pampa del Chañar
Finca El Algarrobal,Salón de bodas,+54 264 465-0674,https://wa.me/5492644650674?text=Hola%20Finca%20El%20Algarrobal%21%20Soy%20Erik%20de%20Erik%20Website%20aca%20en%20San%20Juan.%20Vi%20sus%20buenas%20referencias%20en%20eventos%20pero%20note%20que%20no%20cuentan%20con%20un%20sitio%20web%20propio%20para%20mostrar%20sus%20opciones%20de%20menu%2C%20barras%20y%20cotizaciones%20directas%20a%20WhatsApp.%20Les%20puedo%20compartir%20una%20demo%20rapida%20que%20armamos%20para%20servicios%20gastronomicos%20y%20eventos%3F,"=HIPERVINCULO(""https://wa.me/5492644650674?text=Hola%20Finca%20El%20Algarrobal%21%20Soy%20Erik%20de%20Erik%20Website%20aca%20en%20San%20Juan.%20Vi%20sus%20buenas%20referencias%20en%20eventos%20pero%20note%20que%20no%20cuentan%20con%20un%20sitio%20web%20propio%20para%20mostrar%20sus%20opciones%20de%20menu%2C%20barras%20y%20cotizaciones%20directas%20a%20WhatsApp.%20Les%20puedo%20compartir%20una%20demo%20rapida%20que%20armamos%20para%20servicios%20gastronomicos%20y%20eventos%3F""; ""Enviar WhatsApp"")",Sin pagina web,,https://www.google.com/maps/search/?api=1&query=Finca%20El%20Algarrobal&query_place_id=ChIJ4Uz3leJdg5YRNaeHASvn7wc,4.4,49,"Ruta 150 La Puntilla S/N, J5460, San Juan, Argentina",San Juan
BAIRES CATERING,Oficinas de empresa,+54 9 264 510-2028,https://wa.me/5492645102028?text=Hola%20BAIRES%20CATERING%21%20Soy%20Erik%20de%20Erik%20Website%20aca%20en%20San%20Juan.%20Vi%20sus%20buenas%20referencias%20en%20eventos%20pero%20note%20que%20no%20cuentan%20con%20un%20sitio%20web%20propio%20para%20mostrar%20sus%20opciones%20de%20menu%2C%20barras%20y%20cotizaciones%20directas%20a%20WhatsApp.%20Les%20puedo%20compartir%20una%20demo%20rapida%20que%20armamos%20para%20servicios%20gastronomicos%20y%20eventos%3F,"=HIPERVINCULO(""https://wa.me/5492645102028?text=Hola%20BAIRES%20CATERING%21%20Soy%20Erik%20de%20Erik%20Website%20aca%20en%20San%20Juan.%20Vi%20sus%20buenas%20referencias%20en%20eventos%20pero%20note%20que%20no%20cuentan%20con%20un%20sitio%20web%20propio%20para%20mostrar%20sus%20opciones%20de%20menu%2C%20barras%20y%20cotizaciones%20directas%20a%20WhatsApp.%20Les%20puedo%20compartir%20una%20demo%20rapida%20que%20armamos%20para%20servicios%20gastronomicos%20y%20eventos%3F""; ""Enviar WhatsApp"")",Sin pagina web,,https://www.google.com/maps/search/?api=1&query=BAIRES%20CATERING&query_place_id=ChIJWeAlGw9BgZYRSRZD18lcV7c,3.8,4,"Buenaventura Luna 228 norte, J5400 San Juan, Argentina",San Juan
Celi Servicio de Lunch,Servicio de catering,+54 264 506-8858,https://wa.me/5492645068858?text=Hola%20Celi%20Servicio%20de%20Lunch%21%20Soy%20Erik%20de%20Erik%20Website%20aca%20en%20San%20Juan.%20Vi%20sus%20buenas%20referencias%20en%20eventos%20pero%20note%20que%20no%20cuentan%20con%20un%20sitio%20web%20propio%20para%20mostrar%20sus%20opciones%20de%20menu%2C%20barras%20y%20cotizaciones%20directas%20a%20WhatsApp.%20Les%20puedo%20compartir%20una%20demo%20rapida%20que%20armamos%20para%20servicios%20gastronomicos%20y%20eventos%3F,"=HIPERVINCULO(""https://wa.me/5492645068858?text=Hola%20Celi%20Servicio%20de%20Lunch%21%20Soy%20Erik%20de%20Erik%20Website%20aca%20en%20San%20Juan.%20Vi%20sus%20buenas%20referencias%20en%20eventos%20pero%20note%20que%20no%20cuentan%20con%20un%20sitio%20web%20propio%20para%20mostrar%20sus%20opciones%20de%20menu%2C%20barras%20y%20cotizaciones%20directas%20a%20WhatsApp.%20Les%20puedo%20compartir%20una%20demo%20rapida%20que%20armamos%20para%20servicios%20gastronomicos%20y%20eventos%3F""; ""Enviar WhatsApp"")",Sin pagina web,,https://www.google.com/maps/search/?api=1&query=Celi%20Servicio%20de%20Lunch&query_place_id=ChIJM3ZYJX8VgZYR46G6RJ_BQbY,4.5,15,"Catamarca 140 sur. Barrio Recidencial, J5425 Rawson, San Juan, Argentina",Rawson
Galana Eventos en San Juan,Salón para eventos,+54 264 451-2041,https://wa.me/5492644512041?text=Hola%20Galana%20Eventos%20en%20San%20Juan%21%20Soy%20Erik%20de%20Erik%20Website%20aca%20en%20San%20Juan.%20Vi%20sus%20buenas%20referencias%20en%20eventos%20pero%20note%20que%20no%20cuentan%20con%20un%20sitio%20web%20propio%20para%20mostrar%20sus%20opciones%20de%20menu%2C%20barras%20y%20cotizaciones%20directas%20a%20WhatsApp.%20Les%20puedo%20compartir%20una%20demo%20rapida%20que%20armamos%20para%20servicios%20gastronomicos%20y%20eventos%3F,"=HIPERVINCULO(""https://wa.me/5492644512041?text=Hola%20Galana%20Eventos%20en%20San%20Juan%21%20Soy%20Erik%20de%20Erik%20Website%20aca%20en%20San%20Juan.%20Vi%20sus%20buenas%20referencias%20en%20eventos%20pero%20note%20que%20no%20cuentan%20con%20un%20sitio%20web%20propio%20para%20mostrar%20sus%20opciones%20de%20menu%2C%20barras%20y%20cotizaciones%20directas%20a%20WhatsApp.%20Les%20puedo%20compartir%20una%20demo%20rapida%20que%20armamos%20para%20servicios%20gastronomicos%20y%20eventos%3F""; ""Enviar WhatsApp"")",Solo Red Social / Linktree,https://www.instagram.com/galanaeventos?igsh=MXMyaTEzbjc0NTd3cw==,https://www.google.com/maps/search/?api=1&query=Galana%20Eventos%20en%20San%20Juan&query_place_id=ChIJV-ThXRhrgZYRDhLlSdOXpus,4.5,544,"Balcarce 200, J5411 Santa Lucía, San Juan, Argentina",Santa Lucía
CATERING VERITA,Catering móvil,+54 11 5698-6372,https://wa.me/5491156986372?text=Hola%20CATERING%20VERITA%21%20Soy%20Erik%20de%20Erik%20Website%20aca%20en%20San%20Juan.%20Vi%20sus%20buenas%20referencias%20en%20eventos%20pero%20note%20que%20no%20cuentan%20con%20un%20sitio%20web%20propio%20para%20mostrar%20sus%20opciones%20de%20menu%2C%20barras%20y%20cotizaciones%20directas%20a%20WhatsApp.%20Les%20puedo%20compartir%20una%20demo%20rapida%20que%20armamos%20para%20servicios%20gastronomicos%20y%20eventos%3F,"=HIPERVINCULO(""https://wa.me/5491156986372?text=Hola%20CATERING%20VERITA%21%20Soy%20Erik%20de%20Erik%20Website%20aca%20en%20San%20Juan.%20Vi%20sus%20buenas%20referencias%20en%20eventos%20pero%20note%20que%20no%20cuentan%20con%20un%20sitio%20web%20propio%20para%20mostrar%20sus%20opciones%20de%20menu%2C%20barras%20y%20cotizaciones%20directas%20a%20WhatsApp.%20Les%20puedo%20compartir%20una%20demo%20rapida%20que%20armamos%20para%20servicios%20gastronomicos%20y%20eventos%3F""; ""Enviar WhatsApp"")",Sin pagina web,,https://www.google.com/maps/search/?api=1&query=CATERING%20VERITA&query_place_id=ChIJl0YdNwdng5YRL0FfGR2SOb4,5,1,"Teresa Icaña 172, J5460 San Jose de Jachal, San Juan, Argentina",San Jose de Jachal
MOA Productora de Eventos,Organizador de eventos,+54 264 416-1374,https://wa.me/5492644161374?text=Hola%20MOA%20Productora%20de%20Eventos%21%20Soy%20Erik%20de%20Erik%20Website%20aca%20en%20San%20Juan.%20Vi%20sus%20buenas%20referencias%20en%20eventos%20pero%20note%20que%20no%20cuentan%20con%20un%20sitio%20web%20propio%20para%20mostrar%20sus%20opciones%20de%20menu%2C%20barras%20y%20cotizaciones%20directas%20a%20WhatsApp.%20Les%20puedo%20compartir%20una%20demo%20rapida%20que%20armamos%20para%20servicios%20gastronomicos%20y%20eventos%3F,"=HIPERVINCULO(""https://wa.me/5492644161374?text=Hola%20MOA%20Productora%20de%20Eventos%21%20Soy%20Erik%20de%20Erik%20Website%20aca%20en%20San%20Juan.%20Vi%20sus%20buenas%20referencias%20en%20eventos%20pero%20note%20que%20no%20cuentan%20con%20un%20sitio%20web%20propio%20para%20mostrar%20sus%20opciones%20de%20menu%2C%20barras%20y%20cotizaciones%20directas%20a%20WhatsApp.%20Les%20puedo%20compartir%20una%20demo%20rapida%20que%20armamos%20para%20servicios%20gastronomicos%20y%20eventos%3F""; ""Enviar WhatsApp"")",Solo Red Social / Linktree,https://www.instagram.com/moa_eventos?igsh=NWsxdGk1a25yaWFk&utm_source=qr,https://www.google.com/maps/search/?api=1&query=MOA%20Productora%20de%20Eventos&query_place_id=ChIJpVYnEY9qgZYRmZeaiKspSoE,4.4,394,"Av. Argentina Nte. 126, J5400FJO J5400FJO, San Juan, Argentina",J5400FJO
La Rinconada,Restaurante de comida rápida,+54 264 529-7422,https://wa.me/5492645297422?text=Hola%20La%20Rinconada%21%20Soy%20Erik%20de%20Erik%20Website%20aca%20en%20San%20Juan.%20Vi%20sus%20buenas%20referencias%20en%20eventos%20pero%20note%20que%20no%20cuentan%20con%20un%20sitio%20web%20propio%20para%20mostrar%20sus%20opciones%20de%20menu%2C%20barras%20y%20cotizaciones%20directas%20a%20WhatsApp.%20Les%20puedo%20compartir%20una%20demo%20rapida%20que%20armamos%20para%20servicios%20gastronomicos%20y%20eventos%3F,"=HIPERVINCULO(""https://wa.me/5492645297422?text=Hola%20La%20Rinconada%21%20Soy%20Erik%20de%20Erik%20Website%20aca%20en%20San%20Juan.%20Vi%20sus%20buenas%20referencias%20en%20eventos%20pero%20note%20que%20no%20cuentan%20con%20un%20sitio%20web%20propio%20para%20mostrar%20sus%20opciones%20de%20menu%2C%20barras%20y%20cotizaciones%20directas%20a%20WhatsApp.%20Les%20puedo%20compartir%20una%20demo%20rapida%20que%20armamos%20para%20servicios%20gastronomicos%20y%20eventos%3F""; ""Enviar WhatsApp"")",Sin pagina web,,https://www.google.com/maps/search/?api=1&query=La%20Rinconada&query_place_id=ChIJZ4c-HFxng5YRTaoAJqqqRrY,5,5,"Laprida 480, J5460 San Jose de Jachal, San Juan, Argentina",San Jose de Jachal
Comidas Mayte Servicio de Comidas para eventos,Comida a domicilio,+54 264 630-4393,https://wa.me/5492646304393?text=Hola%20Comidas%20Mayte%20Servicio%20de%20Comidas%20para%20eventos%21%20Soy%20Erik%20de%20Erik%20Website%20aca%20en%20San%20Juan.%20Vi%20sus%20buenas%20referencias%20en%20eventos%20pero%20note%20que%20no%20cuentan%20con%20un%20sitio%20web%20propio%20para%20mostrar%20sus%20opciones%20de%20menu%2C%20barras%20y%20cotizaciones%20directas%20a%20WhatsApp.%20Les%20puedo%20compartir%20una%20demo%20rapida%20que%20armamos%20para%20servicios%20gastronomicos%20y%20eventos%3F,"=HIPERVINCULO(""https://wa.me/5492646304393?text=Hola%20Comidas%20Mayte%20Servicio%20de%20Comidas%20para%20eventos%21%20Soy%20Erik%20de%20Erik%20Website%20aca%20en%20San%20Juan.%20Vi%20sus%20buenas%20referencias%20en%20eventos%20pero%20note%20que%20no%20cuentan%20con%20un%20sitio%20web%20propio%20para%20mostrar%20sus%20opciones%20de%20menu%2C%20barras%20y%20cotizaciones%20directas%20a%20WhatsApp.%20Les%20puedo%20compartir%20una%20demo%20rapida%20que%20armamos%20para%20servicios%20gastronomicos%20y%20eventos%3F""; ""Enviar WhatsApp"")",Sin pagina web,,https://www.google.com/maps/search/?api=1&query=Comidas%20Mayte%20Servicio%20de%20Comidas%20para%20eventos&query_place_id=ChIJd1uevMNDg5YRiqaWCWWaxfI,5,5,"Mza G casa 5, J5461 San Jose de Jachal, San Juan, Argentina",San Jose de Jachal
VaBel salon de eventos,Lounge,+54 264 504-7128,https://wa.me/5492645047128?text=Hola%20VaBel%20salon%20de%20eventos%21%20Soy%20Erik%20de%20Erik%20Website%20aca%20en%20San%20Juan.%20Vi%20sus%20buenas%20referencias%20en%20eventos%20pero%20note%20que%20no%20cuentan%20con%20un%20sitio%20web%20propio%20para%20mostrar%20sus%20opciones%20de%20menu%2C%20barras%20y%20cotizaciones%20directas%20a%20WhatsApp.%20Les%20puedo%20compartir%20una%20demo%20rapida%20que%20armamos%20para%20servicios%20gastronomicos%20y%20eventos%3F,"=HIPERVINCULO(""https://wa.me/5492645047128?text=Hola%20VaBel%20salon%20de%20eventos%21%20Soy%20Erik%20de%20Erik%20Website%20aca%20en%20San%20Juan.%20Vi%20sus%20buenas%20referencias%20en%20eventos%20pero%20note%20que%20no%20cuentan%20con%20un%20sitio%20web%20propio%20para%20mostrar%20sus%20opciones%20de%20menu%2C%20barras%20y%20cotizaciones%20directas%20a%20WhatsApp.%20Les%20puedo%20compartir%20una%20demo%20rapida%20que%20armamos%20para%20servicios%20gastronomicos%20y%20eventos%3F""; ""Enviar WhatsApp"")",Sin pagina web,,https://www.google.com/maps/search/?api=1&query=VaBel%20salon%20de%20eventos&query_place_id=ChIJfevA_8tng5YRMbXksVC4gjM,4.8,24,"Callejon el Abrojo, J5460 San Jose de Jachal, San Juan, Argentina",San Jose de Jachal
Puerto Madero Eventos,Recinto para eventos,+54 264 662-6166,https://wa.me/5492646626166?text=Hola%20Puerto%20Madero%20Eventos%21%20Soy%20Erik%20de%20Erik%20Website%20aca%20en%20San%20Juan.%20Vi%20sus%20buenas%20referencias%20en%20eventos%20pero%20note%20que%20no%20cuentan%20con%20un%20sitio%20web%20propio%20para%20mostrar%20sus%20opciones%20de%20menu%2C%20barras%20y%20cotizaciones%20directas%20a%20WhatsApp.%20Les%20puedo%20compartir%20una%20demo%20rapida%20que%20armamos%20para%20servicios%20gastronomicos%20y%20eventos%3F,"=HIPERVINCULO(""https://wa.me/5492646626166?text=Hola%20Puerto%20Madero%20Eventos%21%20Soy%20Erik%20de%20Erik%20Website%20aca%20en%20San%20Juan.%20Vi%20sus%20buenas%20referencias%20en%20eventos%20pero%20note%20que%20no%20cuentan%20con%20un%20sitio%20web%20propio%20para%20mostrar%20sus%20opciones%20de%20menu%2C%20barras%20y%20cotizaciones%20directas%20a%20WhatsApp.%20Les%20puedo%20compartir%20una%20demo%20rapida%20que%20armamos%20para%20servicios%20gastronomicos%20y%20eventos%3F""; ""Enviar WhatsApp"")",Sin pagina web,,https://www.google.com/maps/search/?api=1&query=Puerto%20Madero%20Eventos&query_place_id=ChIJU8onxVwVgZYRkUw7fPQ8VLw,4.7,141,"J5425 Rawson, San Juan, Argentina",Rawson
