Profesional / Consultorio,Especialidad / Categoría,Teléfono,WhatsApp Link Directo,Fórmula Excel WhatsApp,Situación Web,Enlace Red Social,Google Maps URL,Puntuación,Cantidad Reseñas,Dirección,Ciudad
Psicóloga Celeste Sanchez,Psicólogo,+54 264 442-5440,https://wa.me/5492644425440?text=Hola%20Psic%C3%B3loga%20Celeste%20Sanchez%21%20Te%20escribo%20desde%20San%20Juan%20por%20tu%20consultorio%20de%20psicolog%C3%ADa.%20Vi%20tus%20buenas%20referencias%20en%20Google%20pero%20not%C3%A9%20que%20no%20cont%C3%A1s%20con%20sitio%20web%20propio%20para%20que%20los%20pacientes%20vean%20tus%20especialidades%2C%20modalidad%20%28online/presencial%29%20y%20soliciten%20turno%20directo%20a%20tu%20WhatsApp.%20%C2%BFTe%20puedo%20compartir%20una%20demo%20r%C3%A1pida%20que%20armamos%20para%20profesionales%20de%20salud%3F,"=HIPERVINCULO(""https://wa.me/5492644425440?text=Hola%20Psic%C3%B3loga%20Celeste%20Sanchez%21%20Te%20escribo%20desde%20San%20Juan%20por%20tu%20consultorio%20de%20psicolog%C3%ADa.%20Vi%20tus%20buenas%20referencias%20en%20Google%20pero%20not%C3%A9%20que%20no%20cont%C3%A1s%20con%20sitio%20web%20propio%20para%20que%20los%20pacientes%20vean%20tus%20especialidades%2C%20modalidad%20%28online/presencial%29%20y%20soliciten%20turno%20directo%20a%20tu%20WhatsApp.%20%C2%BFTe%20puedo%20compartir%20una%20demo%20r%C3%A1pida%20que%20armamos%20para%20profesionales%20de%20salud%3F""; ""Enviar WhatsApp"")",Sin página web,,https://www.google.com/maps/search/?api=1&query=Psic%C3%B3loga%20Celeste%20Sanchez&query_place_id=ChIJSX7SJEdBgZYRxh0KaW2RFQo,5,15,"Patio San Ignacio, V. Nuche s/n, J5400 Rivadavia, San Juan, Argentina",Rivadavia
Lic. en Psicología Matías Zeballos,Psicólogo,+54 9 264 530-6093,https://wa.me/5492645306093?text=Hola%20Lic.%20en%20Psicolog%C3%ADa%20Mat%C3%ADas%20Zeballos%21%20Te%20escribo%20desde%20San%20Juan%20por%20tu%20consultorio%20de%20psicolog%C3%ADa.%20Vi%20tus%20buenas%20referencias%20en%20Google%20pero%20not%C3%A9%20que%20no%20cont%C3%A1s%20con%20sitio%20web%20propio%20para%20que%20los%20pacientes%20vean%20tus%20especialidades%2C%20modalidad%20%28online/presencial%29%20y%20soliciten%20turno%20directo%20a%20tu%20WhatsApp.%20%C2%BFTe%20puedo%20compartir%20una%20demo%20r%C3%A1pida%20que%20armamos%20para%20profesionales%20de%20salud%3F,"=HIPERVINCULO(""https://wa.me/5492645306093?text=Hola%20Lic.%20en%20Psicolog%C3%ADa%20Mat%C3%ADas%20Zeballos%21%20Te%20escribo%20desde%20San%20Juan%20por%20tu%20consultorio%20de%20psicolog%C3%ADa.%20Vi%20tus%20buenas%20referencias%20en%20Google%20pero%20not%C3%A9%20que%20no%20cont%C3%A1s%20con%20sitio%20web%20propio%20para%20que%20los%20pacientes%20vean%20tus%20especialidades%2C%20modalidad%20%28online/presencial%29%20y%20soliciten%20turno%20directo%20a%20tu%20WhatsApp.%20%C2%BFTe%20puedo%20compartir%20una%20demo%20r%C3%A1pida%20que%20armamos%20para%20profesionales%20de%20salud%3F""; ""Enviar WhatsApp"")",Solo Red Social / Linktree,https://www.instagram.com/psicomatiaszeballos,https://www.google.com/maps/search/?api=1&query=Lic.%20en%20Psicolog%C3%ADa%20Mat%C3%ADas%20Zeballos&query_place_id=ChIJ_VnO8uVBgZYROIi_3nkJdAo,5,20,"Laprida 230, J5400 San Juan, Argentina",San Juan
PSICOLOGIA SAN JUAN Lic. Vanina Valverde Ortiz,Psicólogo,+54 264 446-6243,https://wa.me/5492644466243?text=Hola%20PSICOLOGIA%20SAN%20JUAN%20Lic.%20Vanina%20Valverde%20Ortiz%21%20Te%20escribo%20desde%20San%20Juan%20por%20tu%20consultorio%20de%20psicolog%C3%ADa.%20Vi%20tus%20buenas%20referencias%20en%20Google%20pero%20not%C3%A9%20que%20no%20cont%C3%A1s%20con%20sitio%20web%20propio%20para%20que%20los%20pacientes%20vean%20tus%20especialidades%2C%20modalidad%20%28online/presencial%29%20y%20soliciten%20turno%20directo%20a%20tu%20WhatsApp.%20%C2%BFTe%20puedo%20compartir%20una%20demo%20r%C3%A1pida%20que%20armamos%20para%20profesionales%20de%20salud%3F,"=HIPERVINCULO(""https://wa.me/5492644466243?text=Hola%20PSICOLOGIA%20SAN%20JUAN%20Lic.%20Vanina%20Valverde%20Ortiz%21%20Te%20escribo%20desde%20San%20Juan%20por%20tu%20consultorio%20de%20psicolog%C3%ADa.%20Vi%20tus%20buenas%20referencias%20en%20Google%20pero%20not%C3%A9%20que%20no%20cont%C3%A1s%20con%20sitio%20web%20propio%20para%20que%20los%20pacientes%20vean%20tus%20especialidades%2C%20modalidad%20%28online/presencial%29%20y%20soliciten%20turno%20directo%20a%20tu%20WhatsApp.%20%C2%BFTe%20puedo%20compartir%20una%20demo%20r%C3%A1pida%20que%20armamos%20para%20profesionales%20de%20salud%3F""; ""Enviar WhatsApp"")",Solo Red Social / Linktree,https://www.instagram.com/lic.vaninavalverdeortiz?igsh=MW1jb2hmazBnMGZxNg==,https://www.google.com/maps/search/?api=1&query=PSICOLOGIA%20SAN%20JUAN%20Lic.%20Vanina%20Valverde%20Ortiz&query_place_id=ChIJ2RL8C81rgZYR9G7OWG59Bm0,5,25,"Mendoza Sur 666 SUR 1° piso, dpto. E, J5402GUN San Juan, Argentina",San Juan
Psicólogo Sebastián Arce,Psicólogo,+54 264 550-0183,https://wa.me/5492645500183?text=Hola%20Psic%C3%B3logo%20Sebasti%C3%A1n%20Arce%21%20Te%20escribo%20desde%20San%20Juan%20por%20tu%20consultorio%20de%20psicolog%C3%ADa.%20Vi%20tus%20buenas%20referencias%20en%20Google%20pero%20not%C3%A9%20que%20no%20cont%C3%A1s%20con%20sitio%20web%20propio%20para%20que%20los%20pacientes%20vean%20tus%20especialidades%2C%20modalidad%20%28online/presencial%29%20y%20soliciten%20turno%20directo%20a%20tu%20WhatsApp.%20%C2%BFTe%20puedo%20compartir%20una%20demo%20r%C3%A1pida%20que%20armamos%20para%20profesionales%20de%20salud%3F,"=HIPERVINCULO(""https://wa.me/5492645500183?text=Hola%20Psic%C3%B3logo%20Sebasti%C3%A1n%20Arce%21%20Te%20escribo%20desde%20San%20Juan%20por%20tu%20consultorio%20de%20psicolog%C3%ADa.%20Vi%20tus%20buenas%20referencias%20en%20Google%20pero%20not%C3%A9%20que%20no%20cont%C3%A1s%20con%20sitio%20web%20propio%20para%20que%20los%20pacientes%20vean%20tus%20especialidades%2C%20modalidad%20%28online/presencial%29%20y%20soliciten%20turno%20directo%20a%20tu%20WhatsApp.%20%C2%BFTe%20puedo%20compartir%20una%20demo%20r%C3%A1pida%20que%20armamos%20para%20profesionales%20de%20salud%3F""; ""Enviar WhatsApp"")",Solo Red Social / Linktree,https://www.facebook.com/proyectarsearg/,https://www.google.com/maps/search/?api=1&query=Psic%C3%B3logo%20Sebasti%C3%A1n%20Arce&query_place_id=ChIJcevXnnlBgZYRJxd1FuEpMzY,4.8,27,"Av. Córdoba Este 290, J5400 San Juan, Argentina",San Juan
Psicólogo Alberto A. Mentesana,Psicólogo,+54 264 477-6613,https://wa.me/5492644776613?text=Hola%20Psic%C3%B3logo%20Alberto%20A.%20Mentesana%21%20Te%20escribo%20desde%20San%20Juan%20por%20tu%20consultorio%20de%20psicolog%C3%ADa.%20Vi%20tus%20buenas%20referencias%20en%20Google%20pero%20not%C3%A9%20que%20no%20cont%C3%A1s%20con%20sitio%20web%20propio%20para%20que%20los%20pacientes%20vean%20tus%20especialidades%2C%20modalidad%20%28online/presencial%29%20y%20soliciten%20turno%20directo%20a%20tu%20WhatsApp.%20%C2%BFTe%20puedo%20compartir%20una%20demo%20r%C3%A1pida%20que%20armamos%20para%20profesionales%20de%20salud%3F,"=HIPERVINCULO(""https://wa.me/5492644776613?text=Hola%20Psic%C3%B3logo%20Alberto%20A.%20Mentesana%21%20Te%20escribo%20desde%20San%20Juan%20por%20tu%20consultorio%20de%20psicolog%C3%ADa.%20Vi%20tus%20buenas%20referencias%20en%20Google%20pero%20not%C3%A9%20que%20no%20cont%C3%A1s%20con%20sitio%20web%20propio%20para%20que%20los%20pacientes%20vean%20tus%20especialidades%2C%20modalidad%20%28online/presencial%29%20y%20soliciten%20turno%20directo%20a%20tu%20WhatsApp.%20%C2%BFTe%20puedo%20compartir%20una%20demo%20r%C3%A1pida%20que%20armamos%20para%20profesionales%20de%20salud%3F""; ""Enviar WhatsApp"")",Solo Red Social / Linktree,https://www.instagram.com/lic.albertomentesana.ok?igsh=ODgyZmVyb3NpeTFm,https://www.google.com/maps/search/?api=1&query=Psic%C3%B3logo%20Alberto%20A.%20Mentesana&query_place_id=ChIJbScIX51BgZYRXVUvC7F_cRA,5,105,"General Paz 3000, J5400 San Juan, Argentina",San Juan
Psicóloga Erika Varela (San Juan Argentina),Psicólogo,+54 264 412-9466,https://wa.me/5492644129466?text=Hola%20Psic%C3%B3loga%20Erika%20Varela%20%28San%20Juan%20Argentina%29%21%20Te%20escribo%20desde%20San%20Juan%20por%20tu%20consultorio%20de%20psicolog%C3%ADa.%20Vi%20tus%20buenas%20referencias%20en%20Google%20pero%20not%C3%A9%20que%20no%20cont%C3%A1s%20con%20sitio%20web%20propio%20para%20que%20los%20pacientes%20vean%20tus%20especialidades%2C%20modalidad%20%28online/presencial%29%20y%20soliciten%20turno%20directo%20a%20tu%20WhatsApp.%20%C2%BFTe%20puedo%20compartir%20una%20demo%20r%C3%A1pida%20que%20armamos%20para%20profesionales%20de%20salud%3F,"=HIPERVINCULO(""https://wa.me/5492644129466?text=Hola%20Psic%C3%B3loga%20Erika%20Varela%20%28San%20Juan%20Argentina%29%21%20Te%20escribo%20desde%20San%20Juan%20por%20tu%20consultorio%20de%20psicolog%C3%ADa.%20Vi%20tus%20buenas%20referencias%20en%20Google%20pero%20not%C3%A9%20que%20no%20cont%C3%A1s%20con%20sitio%20web%20propio%20para%20que%20los%20pacientes%20vean%20tus%20especialidades%2C%20modalidad%20%28online/presencial%29%20y%20soliciten%20turno%20directo%20a%20tu%20WhatsApp.%20%C2%BFTe%20puedo%20compartir%20una%20demo%20r%C3%A1pida%20que%20armamos%20para%20profesionales%20de%20salud%3F""; ""Enviar WhatsApp"")",Sin página web,,https://www.google.com/maps/search/?api=1&query=Psic%C3%B3loga%20Erika%20Varela%20(San%20Juan%20Argentina)&query_place_id=ChIJabY0wNxBgZYRboEP-CzIsAs,5,2,"Francisco N. Laprida Oeste 1720 oeste, J5400 San Juan, Argentina",San Juan
Psicología Activa,Psicólogo,+54 264 439-1190,https://wa.me/5492644391190?text=Hola%20Psicolog%C3%ADa%20Activa%21%20Te%20escribo%20desde%20San%20Juan%20por%20tu%20consultorio%20de%20psicolog%C3%ADa.%20Vi%20tus%20buenas%20referencias%20en%20Google%20pero%20not%C3%A9%20que%20no%20cont%C3%A1s%20con%20sitio%20web%20propio%20para%20que%20los%20pacientes%20vean%20tus%20especialidades%2C%20modalidad%20%28online/presencial%29%20y%20soliciten%20turno%20directo%20a%20tu%20WhatsApp.%20%C2%BFTe%20puedo%20compartir%20una%20demo%20r%C3%A1pida%20que%20armamos%20para%20profesionales%20de%20salud%3F,"=HIPERVINCULO(""https://wa.me/5492644391190?text=Hola%20Psicolog%C3%ADa%20Activa%21%20Te%20escribo%20desde%20San%20Juan%20por%20tu%20consultorio%20de%20psicolog%C3%ADa.%20Vi%20tus%20buenas%20referencias%20en%20Google%20pero%20not%C3%A9%20que%20no%20cont%C3%A1s%20con%20sitio%20web%20propio%20para%20que%20los%20pacientes%20vean%20tus%20especialidades%2C%20modalidad%20%28online/presencial%29%20y%20soliciten%20turno%20directo%20a%20tu%20WhatsApp.%20%C2%BFTe%20puedo%20compartir%20una%20demo%20r%C3%A1pida%20que%20armamos%20para%20profesionales%20de%20salud%3F""; ""Enviar WhatsApp"")",Sin página web,,https://www.google.com/maps/search/?api=1&query=Psicolog%C3%ADa%20Activa&query_place_id=ChIJSUrofxNBgZYRxfjrzdBxhUk,5,2,"Av. Libertador Gral. San Martín 3332 Oeste, J5400 San Juan, Argentina",San Juan
Eleonora Serrichio Psicóloga.,Psicólogo,+54 9 264 404-5522,https://wa.me/5492644045522?text=Hola%20Eleonora%20Serrichio%20Psic%C3%B3loga.%21%20Te%20escribo%20desde%20San%20Juan%20por%20tu%20consultorio%20de%20psicolog%C3%ADa.%20Vi%20tus%20buenas%20referencias%20en%20Google%20pero%20not%C3%A9%20que%20no%20cont%C3%A1s%20con%20sitio%20web%20propio%20para%20que%20los%20pacientes%20vean%20tus%20especialidades%2C%20modalidad%20%28online/presencial%29%20y%20soliciten%20turno%20directo%20a%20tu%20WhatsApp.%20%C2%BFTe%20puedo%20compartir%20una%20demo%20r%C3%A1pida%20que%20armamos%20para%20profesionales%20de%20salud%3F,"=HIPERVINCULO(""https://wa.me/5492644045522?text=Hola%20Eleonora%20Serrichio%20Psic%C3%B3loga.%21%20Te%20escribo%20desde%20San%20Juan%20por%20tu%20consultorio%20de%20psicolog%C3%ADa.%20Vi%20tus%20buenas%20referencias%20en%20Google%20pero%20not%C3%A9%20que%20no%20cont%C3%A1s%20con%20sitio%20web%20propio%20para%20que%20los%20pacientes%20vean%20tus%20especialidades%2C%20modalidad%20%28online/presencial%29%20y%20soliciten%20turno%20directo%20a%20tu%20WhatsApp.%20%C2%BFTe%20puedo%20compartir%20una%20demo%20r%C3%A1pida%20que%20armamos%20para%20profesionales%20de%20salud%3F""; ""Enviar WhatsApp"")",Sin página web,,https://www.google.com/maps/search/?api=1&query=Eleonora%20Serrichio%20Psic%C3%B3loga.&query_place_id=ChIJy2-vbSlBgZYRppzVC9NjYgU,4.6,12,"Av. José Ignacio de la Roza Oeste 2100, J5400 San Juan, Argentina",San Juan
SER - CONSULTORIOS -,Psicólogo,+54 264 433-0366,https://wa.me/5492644330366?text=Hola%20SER%20-%20CONSULTORIOS%20-%21%20Te%20escribo%20desde%20San%20Juan%20por%20tu%20consultorio%20de%20psicolog%C3%ADa.%20Vi%20tus%20buenas%20referencias%20en%20Google%20pero%20not%C3%A9%20que%20no%20cont%C3%A1s%20con%20sitio%20web%20propio%20para%20que%20los%20pacientes%20vean%20tus%20especialidades%2C%20modalidad%20%28online/presencial%29%20y%20soliciten%20turno%20directo%20a%20tu%20WhatsApp.%20%C2%BFTe%20puedo%20compartir%20una%20demo%20r%C3%A1pida%20que%20armamos%20para%20profesionales%20de%20salud%3F,"=HIPERVINCULO(""https://wa.me/5492644330366?text=Hola%20SER%20-%20CONSULTORIOS%20-%21%20Te%20escribo%20desde%20San%20Juan%20por%20tu%20consultorio%20de%20psicolog%C3%ADa.%20Vi%20tus%20buenas%20referencias%20en%20Google%20pero%20not%C3%A9%20que%20no%20cont%C3%A1s%20con%20sitio%20web%20propio%20para%20que%20los%20pacientes%20vean%20tus%20especialidades%2C%20modalidad%20%28online/presencial%29%20y%20soliciten%20turno%20directo%20a%20tu%20WhatsApp.%20%C2%BFTe%20puedo%20compartir%20una%20demo%20r%C3%A1pida%20que%20armamos%20para%20profesionales%20de%20salud%3F""; ""Enviar WhatsApp"")",Sin página web,,https://www.google.com/maps/search/?api=1&query=SER%20-%20CONSULTORIOS%20-&query_place_id=ChIJ2V--mhlBgZYR1KXCt0034PM,3.8,4,"Av. Libertador Gral. San Martín 5095 Oeste, J5400 San Juan, Argentina",San Juan
Lic Maria Laura Sosa,Psicólogo,+54 264 508-1490,https://wa.me/5492645081490?text=Hola%20Lic%20Maria%20Laura%20Sosa%21%20Te%20escribo%20desde%20San%20Juan%20por%20tu%20consultorio%20de%20psicolog%C3%ADa.%20Vi%20tus%20buenas%20referencias%20en%20Google%20pero%20not%C3%A9%20que%20no%20cont%C3%A1s%20con%20sitio%20web%20propio%20para%20que%20los%20pacientes%20vean%20tus%20especialidades%2C%20modalidad%20%28online/presencial%29%20y%20soliciten%20turno%20directo%20a%20tu%20WhatsApp.%20%C2%BFTe%20puedo%20compartir%20una%20demo%20r%C3%A1pida%20que%20armamos%20para%20profesionales%20de%20salud%3F,"=HIPERVINCULO(""https://wa.me/5492645081490?text=Hola%20Lic%20Maria%20Laura%20Sosa%21%20Te%20escribo%20desde%20San%20Juan%20por%20tu%20consultorio%20de%20psicolog%C3%ADa.%20Vi%20tus%20buenas%20referencias%20en%20Google%20pero%20not%C3%A9%20que%20no%20cont%C3%A1s%20con%20sitio%20web%20propio%20para%20que%20los%20pacientes%20vean%20tus%20especialidades%2C%20modalidad%20%28online/presencial%29%20y%20soliciten%20turno%20directo%20a%20tu%20WhatsApp.%20%C2%BFTe%20puedo%20compartir%20una%20demo%20r%C3%A1pida%20que%20armamos%20para%20profesionales%20de%20salud%3F""; ""Enviar WhatsApp"")",Sin página web,,https://www.google.com/maps/search/?api=1&query=Lic%20Maria%20Laura%20Sosa&query_place_id=ChIJ2bKAhbZBgZYR66bIU4JNnmg,4.8,4,"Mendoza Sur 666 sur, J5400 San Juan, Argentina",San Juan
Vigano Javier Roald Psicólogo,Psicólogo,+54 264 427-5767,https://wa.me/5492644275767?text=Hola%20Vigano%20Javier%20Roald%20Psic%C3%B3logo%21%20Te%20escribo%20desde%20San%20Juan%20por%20tu%20consultorio%20de%20psicolog%C3%ADa.%20Vi%20tus%20buenas%20referencias%20en%20Google%20pero%20not%C3%A9%20que%20no%20cont%C3%A1s%20con%20sitio%20web%20propio%20para%20que%20los%20pacientes%20vean%20tus%20especialidades%2C%20modalidad%20%28online/presencial%29%20y%20soliciten%20turno%20directo%20a%20tu%20WhatsApp.%20%C2%BFTe%20puedo%20compartir%20una%20demo%20r%C3%A1pida%20que%20armamos%20para%20profesionales%20de%20salud%3F,"=HIPERVINCULO(""https://wa.me/5492644275767?text=Hola%20Vigano%20Javier%20Roald%20Psic%C3%B3logo%21%20Te%20escribo%20desde%20San%20Juan%20por%20tu%20consultorio%20de%20psicolog%C3%ADa.%20Vi%20tus%20buenas%20referencias%20en%20Google%20pero%20not%C3%A9%20que%20no%20cont%C3%A1s%20con%20sitio%20web%20propio%20para%20que%20los%20pacientes%20vean%20tus%20especialidades%2C%20modalidad%20%28online/presencial%29%20y%20soliciten%20turno%20directo%20a%20tu%20WhatsApp.%20%C2%BFTe%20puedo%20compartir%20una%20demo%20r%C3%A1pida%20que%20armamos%20para%20profesionales%20de%20salud%3F""; ""Enviar WhatsApp"")",Sin página web,,https://www.google.com/maps/search/?api=1&query=Vigano%20Javier%20Roald%20Psic%C3%B3logo&query_place_id=ChIJr9AgsiVAgZYR9F46C6ldlEc,5,3,"Santiago del Estero Sur 574, J5402 San Juan, Argentina",San Juan
AYRES Consultorios,Oficina médica,+54 264 625-8022,https://wa.me/5492646258022?text=Hola%20AYRES%20Consultorios%21%20Te%20escribo%20desde%20San%20Juan%20por%20tu%20consultorio%20de%20psicolog%C3%ADa.%20Vi%20tus%20buenas%20referencias%20en%20Google%20pero%20not%C3%A9%20que%20no%20cont%C3%A1s%20con%20sitio%20web%20propio%20para%20que%20los%20pacientes%20vean%20tus%20especialidades%2C%20modalidad%20%28online/presencial%29%20y%20soliciten%20turno%20directo%20a%20tu%20WhatsApp.%20%C2%BFTe%20puedo%20compartir%20una%20demo%20r%C3%A1pida%20que%20armamos%20para%20profesionales%20de%20salud%3F,"=HIPERVINCULO(""https://wa.me/5492646258022?text=Hola%20AYRES%20Consultorios%21%20Te%20escribo%20desde%20San%20Juan%20por%20tu%20consultorio%20de%20psicolog%C3%ADa.%20Vi%20tus%20buenas%20referencias%20en%20Google%20pero%20not%C3%A9%20que%20no%20cont%C3%A1s%20con%20sitio%20web%20propio%20para%20que%20los%20pacientes%20vean%20tus%20especialidades%2C%20modalidad%20%28online/presencial%29%20y%20soliciten%20turno%20directo%20a%20tu%20WhatsApp.%20%C2%BFTe%20puedo%20compartir%20una%20demo%20r%C3%A1pida%20que%20armamos%20para%20profesionales%20de%20salud%3F""; ""Enviar WhatsApp"")",Solo Red Social / Linktree,https://instagram.com/ayres.consultorios?igshid=OGQ5ZDc2ODk2ZA==,https://www.google.com/maps/search/?api=1&query=AYRES%20Consultorios&query_place_id=ChIJJyTrr7tBgZYRbGspJqbstFM,5,1,"5400, C. San Luis Oeste 89, J5400 San Juan, Argentina",San Juan
Esp. Lic. Norberto Pons,Neuropsicólogo,+54 264 468-3127,https://wa.me/5492644683127?text=Hola%20Esp.%20Lic.%20Norberto%20Pons%21%20Te%20escribo%20desde%20San%20Juan%20por%20tu%20consultorio%20de%20psicolog%C3%ADa.%20Vi%20tus%20buenas%20referencias%20en%20Google%20pero%20not%C3%A9%20que%20no%20cont%C3%A1s%20con%20sitio%20web%20propio%20para%20que%20los%20pacientes%20vean%20tus%20especialidades%2C%20modalidad%20%28online/presencial%29%20y%20soliciten%20turno%20directo%20a%20tu%20WhatsApp.%20%C2%BFTe%20puedo%20compartir%20una%20demo%20r%C3%A1pida%20que%20armamos%20para%20profesionales%20de%20salud%3F,"=HIPERVINCULO(""https://wa.me/5492644683127?text=Hola%20Esp.%20Lic.%20Norberto%20Pons%21%20Te%20escribo%20desde%20San%20Juan%20por%20tu%20consultorio%20de%20psicolog%C3%ADa.%20Vi%20tus%20buenas%20referencias%20en%20Google%20pero%20not%C3%A9%20que%20no%20cont%C3%A1s%20con%20sitio%20web%20propio%20para%20que%20los%20pacientes%20vean%20tus%20especialidades%2C%20modalidad%20%28online/presencial%29%20y%20soliciten%20turno%20directo%20a%20tu%20WhatsApp.%20%C2%BFTe%20puedo%20compartir%20una%20demo%20r%C3%A1pida%20que%20armamos%20para%20profesionales%20de%20salud%3F""; ""Enviar WhatsApp"")",Solo Red Social / Linktree,https://www.facebook.com/neurocienciasanjuan/?ref=bookmarks,https://www.google.com/maps/search/?api=1&query=Esp.%20Lic.%20Norberto%20Pons&query_place_id=ChIJT-wt6YRqgZYR3afu8exbJ6M,5,4,"General Paz 316 oeste, J5402DIM San Juan, Argentina",San Juan
Carola Fernandez Lic. en Psicología,Psicólogo,+54 264 548-8813,https://wa.me/5492645488813?text=Hola%20Carola%20Fernandez%20Lic.%20en%20Psicolog%C3%ADa%21%20Te%20escribo%20desde%20San%20Juan%20por%20tu%20consultorio%20de%20psicolog%C3%ADa.%20Vi%20tus%20buenas%20referencias%20en%20Google%20pero%20not%C3%A9%20que%20no%20cont%C3%A1s%20con%20sitio%20web%20propio%20para%20que%20los%20pacientes%20vean%20tus%20especialidades%2C%20modalidad%20%28online/presencial%29%20y%20soliciten%20turno%20directo%20a%20tu%20WhatsApp.%20%C2%BFTe%20puedo%20compartir%20una%20demo%20r%C3%A1pida%20que%20armamos%20para%20profesionales%20de%20salud%3F,"=HIPERVINCULO(""https://wa.me/5492645488813?text=Hola%20Carola%20Fernandez%20Lic.%20en%20Psicolog%C3%ADa%21%20Te%20escribo%20desde%20San%20Juan%20por%20tu%20consultorio%20de%20psicolog%C3%ADa.%20Vi%20tus%20buenas%20referencias%20en%20Google%20pero%20not%C3%A9%20que%20no%20cont%C3%A1s%20con%20sitio%20web%20propio%20para%20que%20los%20pacientes%20vean%20tus%20especialidades%2C%20modalidad%20%28online/presencial%29%20y%20soliciten%20turno%20directo%20a%20tu%20WhatsApp.%20%C2%BFTe%20puedo%20compartir%20una%20demo%20r%C3%A1pida%20que%20armamos%20para%20profesionales%20de%20salud%3F""; ""Enviar WhatsApp"")",Sin página web,,https://www.google.com/maps/search/?api=1&query=Carola%20Fernandez%20Lic.%20en%20Psicolog%C3%ADa&query_place_id=ChIJ-bJ6i2BBgZYRhhbOFSndgvk,4,1,"9 de Julio 2232 oeste 5400, San Juan, Argentina",San Juan
Lic. María Silene González,Psicólogo,+54 264 504-6045,https://wa.me/5492645046045?text=Hola%20Lic.%20Mar%C3%ADa%20Silene%20Gonz%C3%A1lez%21%20Te%20escribo%20desde%20San%20Juan%20por%20tu%20consultorio%20de%20psicolog%C3%ADa.%20Vi%20tus%20buenas%20referencias%20en%20Google%20pero%20not%C3%A9%20que%20no%20cont%C3%A1s%20con%20sitio%20web%20propio%20para%20que%20los%20pacientes%20vean%20tus%20especialidades%2C%20modalidad%20%28online/presencial%29%20y%20soliciten%20turno%20directo%20a%20tu%20WhatsApp.%20%C2%BFTe%20puedo%20compartir%20una%20demo%20r%C3%A1pida%20que%20armamos%20para%20profesionales%20de%20salud%3F,"=HIPERVINCULO(""https://wa.me/5492645046045?text=Hola%20Lic.%20Mar%C3%ADa%20Silene%20Gonz%C3%A1lez%21%20Te%20escribo%20desde%20San%20Juan%20por%20tu%20consultorio%20de%20psicolog%C3%ADa.%20Vi%20tus%20buenas%20referencias%20en%20Google%20pero%20not%C3%A9%20que%20no%20cont%C3%A1s%20con%20sitio%20web%20propio%20para%20que%20los%20pacientes%20vean%20tus%20especialidades%2C%20modalidad%20%28online/presencial%29%20y%20soliciten%20turno%20directo%20a%20tu%20WhatsApp.%20%C2%BFTe%20puedo%20compartir%20una%20demo%20r%C3%A1pida%20que%20armamos%20para%20profesionales%20de%20salud%3F""; ""Enviar WhatsApp"")",Sin página web,,https://www.google.com/maps/search/?api=1&query=Lic.%20Mar%C3%ADa%20Silene%20Gonz%C3%A1lez&query_place_id=ChIJMQEDSXRrgZYRU6kPSfI1ZRM,5,28,"25 de Mayo 1134, J5400 San Juan, Argentina",San Juan
"Lic. Agustina Delgado, Psicóloga",Psicoterapeuta,+54 264 436-1649,https://wa.me/5492644361649?text=Hola%20Lic.%20Agustina%20Delgado%2C%20Psic%C3%B3loga%21%20Te%20escribo%20desde%20San%20Juan%20por%20tu%20consultorio%20de%20psicolog%C3%ADa.%20Vi%20tus%20buenas%20referencias%20en%20Google%20pero%20not%C3%A9%20que%20no%20cont%C3%A1s%20con%20sitio%20web%20propio%20para%20que%20los%20pacientes%20vean%20tus%20especialidades%2C%20modalidad%20%28online/presencial%29%20y%20soliciten%20turno%20directo%20a%20tu%20WhatsApp.%20%C2%BFTe%20puedo%20compartir%20una%20demo%20r%C3%A1pida%20que%20armamos%20para%20profesionales%20de%20salud%3F,"=HIPERVINCULO(""https://wa.me/5492644361649?text=Hola%20Lic.%20Agustina%20Delgado%2C%20Psic%C3%B3loga%21%20Te%20escribo%20desde%20San%20Juan%20por%20tu%20consultorio%20de%20psicolog%C3%ADa.%20Vi%20tus%20buenas%20referencias%20en%20Google%20pero%20not%C3%A9%20que%20no%20cont%C3%A1s%20con%20sitio%20web%20propio%20para%20que%20los%20pacientes%20vean%20tus%20especialidades%2C%20modalidad%20%28online/presencial%29%20y%20soliciten%20turno%20directo%20a%20tu%20WhatsApp.%20%C2%BFTe%20puedo%20compartir%20una%20demo%20r%C3%A1pida%20que%20armamos%20para%20profesionales%20de%20salud%3F""; ""Enviar WhatsApp"")",Sin página web,,https://www.google.com/maps/search/?api=1&query=Lic.%20Agustina%20Delgado%2C%20Psic%C3%B3loga&query_place_id=ChIJRYb6JwBrgZYRgfHYZh4yx5w,5,4,"Gral Mariano Acha Sur 507, J5402EGK San Juan, Argentina",San Juan
Cabeza Laura Marisa - Licenciada En Psicologia,Psicólogo,+54 264 660-1962,https://wa.me/5492646601962?text=Hola%20Cabeza%20Laura%20Marisa%20-%20Licenciada%20En%20Psicologia%21%20Te%20escribo%20desde%20San%20Juan%20por%20tu%20consultorio%20de%20psicolog%C3%ADa.%20Vi%20tus%20buenas%20referencias%20en%20Google%20pero%20not%C3%A9%20que%20no%20cont%C3%A1s%20con%20sitio%20web%20propio%20para%20que%20los%20pacientes%20vean%20tus%20especialidades%2C%20modalidad%20%28online/presencial%29%20y%20soliciten%20turno%20directo%20a%20tu%20WhatsApp.%20%C2%BFTe%20puedo%20compartir%20una%20demo%20r%C3%A1pida%20que%20armamos%20para%20profesionales%20de%20salud%3F,"=HIPERVINCULO(""https://wa.me/5492646601962?text=Hola%20Cabeza%20Laura%20Marisa%20-%20Licenciada%20En%20Psicologia%21%20Te%20escribo%20desde%20San%20Juan%20por%20tu%20consultorio%20de%20psicolog%C3%ADa.%20Vi%20tus%20buenas%20referencias%20en%20Google%20pero%20not%C3%A9%20que%20no%20cont%C3%A1s%20con%20sitio%20web%20propio%20para%20que%20los%20pacientes%20vean%20tus%20especialidades%2C%20modalidad%20%28online/presencial%29%20y%20soliciten%20turno%20directo%20a%20tu%20WhatsApp.%20%C2%BFTe%20puedo%20compartir%20una%20demo%20r%C3%A1pida%20que%20armamos%20para%20profesionales%20de%20salud%3F""; ""Enviar WhatsApp"")",Sin página web,,https://www.google.com/maps/search/?api=1&query=Cabeza%20Laura%20Marisa%20-%20Licenciada%20En%20Psicologia&query_place_id=ChIJG51skylAgZYRBGRksoqnx_0,4,1,"Mendoza Nte. 40, J5400EFB San Juan, Argentina",San Juan
Psicologo San Juan Elizabeth Martinez,Psicólogo,+54 264 672-1477,https://wa.me/5492646721477?text=Hola%20Psicologo%20San%20Juan%20Elizabeth%20Martinez%21%20Te%20escribo%20desde%20San%20Juan%20por%20tu%20consultorio%20de%20psicolog%C3%ADa.%20Vi%20tus%20buenas%20referencias%20en%20Google%20pero%20not%C3%A9%20que%20no%20cont%C3%A1s%20con%20sitio%20web%20propio%20para%20que%20los%20pacientes%20vean%20tus%20especialidades%2C%20modalidad%20%28online/presencial%29%20y%20soliciten%20turno%20directo%20a%20tu%20WhatsApp.%20%C2%BFTe%20puedo%20compartir%20una%20demo%20r%C3%A1pida%20que%20armamos%20para%20profesionales%20de%20salud%3F,"=HIPERVINCULO(""https://wa.me/5492646721477?text=Hola%20Psicologo%20San%20Juan%20Elizabeth%20Martinez%21%20Te%20escribo%20desde%20San%20Juan%20por%20tu%20consultorio%20de%20psicolog%C3%ADa.%20Vi%20tus%20buenas%20referencias%20en%20Google%20pero%20not%C3%A9%20que%20no%20cont%C3%A1s%20con%20sitio%20web%20propio%20para%20que%20los%20pacientes%20vean%20tus%20especialidades%2C%20modalidad%20%28online/presencial%29%20y%20soliciten%20turno%20directo%20a%20tu%20WhatsApp.%20%C2%BFTe%20puedo%20compartir%20una%20demo%20r%C3%A1pida%20que%20armamos%20para%20profesionales%20de%20salud%3F""; ""Enviar WhatsApp"")",Sin página web,,https://www.google.com/maps/search/?api=1&query=Psicologo%20San%20Juan%20Elizabeth%20Martinez&query_place_id=ChIJzfHBkyhBgZYR0407sYsukCY,,,"5400, San Juan, Argentina",San Juan
Origen Espacio Terapéutico,Psicólogo,+54 264 548-6807,https://wa.me/5492645486807?text=Hola%20Origen%20Espacio%20Terap%C3%A9utico%21%20Te%20escribo%20desde%20San%20Juan%20por%20tu%20consultorio%20de%20psicolog%C3%ADa.%20Vi%20tus%20buenas%20referencias%20en%20Google%20pero%20not%C3%A9%20que%20no%20cont%C3%A1s%20con%20sitio%20web%20propio%20para%20que%20los%20pacientes%20vean%20tus%20especialidades%2C%20modalidad%20%28online/presencial%29%20y%20soliciten%20turno%20directo%20a%20tu%20WhatsApp.%20%C2%BFTe%20puedo%20compartir%20una%20demo%20r%C3%A1pida%20que%20armamos%20para%20profesionales%20de%20salud%3F,"=HIPERVINCULO(""https://wa.me/5492645486807?text=Hola%20Origen%20Espacio%20Terap%C3%A9utico%21%20Te%20escribo%20desde%20San%20Juan%20por%20tu%20consultorio%20de%20psicolog%C3%ADa.%20Vi%20tus%20buenas%20referencias%20en%20Google%20pero%20not%C3%A9%20que%20no%20cont%C3%A1s%20con%20sitio%20web%20propio%20para%20que%20los%20pacientes%20vean%20tus%20especialidades%2C%20modalidad%20%28online/presencial%29%20y%20soliciten%20turno%20directo%20a%20tu%20WhatsApp.%20%C2%BFTe%20puedo%20compartir%20una%20demo%20r%C3%A1pida%20que%20armamos%20para%20profesionales%20de%20salud%3F""; ""Enviar WhatsApp"")",Sin página web,,https://www.google.com/maps/search/?api=1&query=Origen%20Espacio%20Terap%C3%A9utico&query_place_id=ChIJeZdahaNBgZYRPsLqOhlkvsM,,,"J5400 San Juan, Argentina",San Juan
Consultorio Psicologia,Psicoterapeuta,+54 264 442-5440,https://wa.me/5492644425440?text=Hola%20Consultorio%20Psicologia%21%20Te%20escribo%20desde%20San%20Juan%20por%20tu%20consultorio%20de%20psicolog%C3%ADa.%20Vi%20tus%20buenas%20referencias%20en%20Google%20pero%20not%C3%A9%20que%20no%20cont%C3%A1s%20con%20sitio%20web%20propio%20para%20que%20los%20pacientes%20vean%20tus%20especialidades%2C%20modalidad%20%28online/presencial%29%20y%20soliciten%20turno%20directo%20a%20tu%20WhatsApp.%20%C2%BFTe%20puedo%20compartir%20una%20demo%20r%C3%A1pida%20que%20armamos%20para%20profesionales%20de%20salud%3F,"=HIPERVINCULO(""https://wa.me/5492644425440?text=Hola%20Consultorio%20Psicologia%21%20Te%20escribo%20desde%20San%20Juan%20por%20tu%20consultorio%20de%20psicolog%C3%ADa.%20Vi%20tus%20buenas%20referencias%20en%20Google%20pero%20not%C3%A9%20que%20no%20cont%C3%A1s%20con%20sitio%20web%20propio%20para%20que%20los%20pacientes%20vean%20tus%20especialidades%2C%20modalidad%20%28online/presencial%29%20y%20soliciten%20turno%20directo%20a%20tu%20WhatsApp.%20%C2%BFTe%20puedo%20compartir%20una%20demo%20r%C3%A1pida%20que%20armamos%20para%20profesionales%20de%20salud%3F""; ""Enviar WhatsApp"")",Sin página web,,https://www.google.com/maps/search/?api=1&query=Consultorio%20Psicologia&query_place_id=ChIJPfbwCQBBgZYRHD73uH47aS0,,,"Patio San Ignacio, V. Nuche s/n local 9, J5400 Rivadavia, San Juan, Argentina",Rivadavia
Psicóloga Laboral Marcela Matellán,Psicólogo,+54 264 456-4272,https://wa.me/5492644564272?text=Hola%20Psic%C3%B3loga%20Laboral%20Marcela%20Matell%C3%A1n%21%20Te%20escribo%20desde%20San%20Juan%20por%20tu%20consultorio%20de%20psicolog%C3%ADa.%20Vi%20tus%20buenas%20referencias%20en%20Google%20pero%20not%C3%A9%20que%20no%20cont%C3%A1s%20con%20sitio%20web%20propio%20para%20que%20los%20pacientes%20vean%20tus%20especialidades%2C%20modalidad%20%28online/presencial%29%20y%20soliciten%20turno%20directo%20a%20tu%20WhatsApp.%20%C2%BFTe%20puedo%20compartir%20una%20demo%20r%C3%A1pida%20que%20armamos%20para%20profesionales%20de%20salud%3F,"=HIPERVINCULO(""https://wa.me/5492644564272?text=Hola%20Psic%C3%B3loga%20Laboral%20Marcela%20Matell%C3%A1n%21%20Te%20escribo%20desde%20San%20Juan%20por%20tu%20consultorio%20de%20psicolog%C3%ADa.%20Vi%20tus%20buenas%20referencias%20en%20Google%20pero%20not%C3%A9%20que%20no%20cont%C3%A1s%20con%20sitio%20web%20propio%20para%20que%20los%20pacientes%20vean%20tus%20especialidades%2C%20modalidad%20%28online/presencial%29%20y%20soliciten%20turno%20directo%20a%20tu%20WhatsApp.%20%C2%BFTe%20puedo%20compartir%20una%20demo%20r%C3%A1pida%20que%20armamos%20para%20profesionales%20de%20salud%3F""; ""Enviar WhatsApp"")",Sin página web,,https://www.google.com/maps/search/?api=1&query=Psic%C3%B3loga%20Laboral%20Marcela%20Matell%C3%A1n&query_place_id=ChIJcbePi_xBgZYRwu7hEGw7Riw,5,2,"Frente a flagrancia, Maipú Este 455 este primer piso, J5400 San Juan, Argentina",San Juan
Lic Maria Isabel Ortis,Psicólogo,+54 264 444-3571,https://wa.me/5492644443571?text=Hola%20Lic%20Maria%20Isabel%20Ortis%21%20Te%20escribo%20desde%20San%20Juan%20por%20tu%20consultorio%20de%20psicolog%C3%ADa.%20Vi%20tus%20buenas%20referencias%20en%20Google%20pero%20not%C3%A9%20que%20no%20cont%C3%A1s%20con%20sitio%20web%20propio%20para%20que%20los%20pacientes%20vean%20tus%20especialidades%2C%20modalidad%20%28online/presencial%29%20y%20soliciten%20turno%20directo%20a%20tu%20WhatsApp.%20%C2%BFTe%20puedo%20compartir%20una%20demo%20r%C3%A1pida%20que%20armamos%20para%20profesionales%20de%20salud%3F,"=HIPERVINCULO(""https://wa.me/5492644443571?text=Hola%20Lic%20Maria%20Isabel%20Ortis%21%20Te%20escribo%20desde%20San%20Juan%20por%20tu%20consultorio%20de%20psicolog%C3%ADa.%20Vi%20tus%20buenas%20referencias%20en%20Google%20pero%20not%C3%A9%20que%20no%20cont%C3%A1s%20con%20sitio%20web%20propio%20para%20que%20los%20pacientes%20vean%20tus%20especialidades%2C%20modalidad%20%28online/presencial%29%20y%20soliciten%20turno%20directo%20a%20tu%20WhatsApp.%20%C2%BFTe%20puedo%20compartir%20una%20demo%20r%C3%A1pida%20que%20armamos%20para%20profesionales%20de%20salud%3F""; ""Enviar WhatsApp"")",Sin página web,,https://www.google.com/maps/search/?api=1&query=Lic%20Maria%20Isabel%20Ortis&query_place_id=ChIJzetEHoNqgZYR9tGCkF2DeQ0,4,1,"Pje. Gral. Acha, J5400 San Juan, Argentina",San Juan
Psicologo Cañadas Matías,Psicólogo,+54 264 483-4187,https://wa.me/5492644834187?text=Hola%20Psicologo%20Ca%C3%B1adas%20Mat%C3%ADas%21%20Te%20escribo%20desde%20San%20Juan%20por%20tu%20consultorio%20de%20psicolog%C3%ADa.%20Vi%20tus%20buenas%20referencias%20en%20Google%20pero%20not%C3%A9%20que%20no%20cont%C3%A1s%20con%20sitio%20web%20propio%20para%20que%20los%20pacientes%20vean%20tus%20especialidades%2C%20modalidad%20%28online/presencial%29%20y%20soliciten%20turno%20directo%20a%20tu%20WhatsApp.%20%C2%BFTe%20puedo%20compartir%20una%20demo%20r%C3%A1pida%20que%20armamos%20para%20profesionales%20de%20salud%3F,"=HIPERVINCULO(""https://wa.me/5492644834187?text=Hola%20Psicologo%20Ca%C3%B1adas%20Mat%C3%ADas%21%20Te%20escribo%20desde%20San%20Juan%20por%20tu%20consultorio%20de%20psicolog%C3%ADa.%20Vi%20tus%20buenas%20referencias%20en%20Google%20pero%20not%C3%A9%20que%20no%20cont%C3%A1s%20con%20sitio%20web%20propio%20para%20que%20los%20pacientes%20vean%20tus%20especialidades%2C%20modalidad%20%28online/presencial%29%20y%20soliciten%20turno%20directo%20a%20tu%20WhatsApp.%20%C2%BFTe%20puedo%20compartir%20una%20demo%20r%C3%A1pida%20que%20armamos%20para%20profesionales%20de%20salud%3F""; ""Enviar WhatsApp"")",Sin página web,,https://www.google.com/maps/search/?api=1&query=Psicologo%20Ca%C3%B1adas%20Mat%C3%ADas&query_place_id=ChIJxTNr_exrgZYRC-8iejDh-8w,4,1,"C. Domingo Faustino Sarmiento 42 sur, J5400AMI J5400AMI, San Juan, Argentina",J5400AMI
Lic. Evelin Lopez,Psicólogo,+54 264 462-5571,https://wa.me/5492644625571?text=Hola%20Lic.%20Evelin%20Lopez%21%20Te%20escribo%20desde%20San%20Juan%20por%20tu%20consultorio%20de%20psicolog%C3%ADa.%20Vi%20tus%20buenas%20referencias%20en%20Google%20pero%20not%C3%A9%20que%20no%20cont%C3%A1s%20con%20sitio%20web%20propio%20para%20que%20los%20pacientes%20vean%20tus%20especialidades%2C%20modalidad%20%28online/presencial%29%20y%20soliciten%20turno%20directo%20a%20tu%20WhatsApp.%20%C2%BFTe%20puedo%20compartir%20una%20demo%20r%C3%A1pida%20que%20armamos%20para%20profesionales%20de%20salud%3F,"=HIPERVINCULO(""https://wa.me/5492644625571?text=Hola%20Lic.%20Evelin%20Lopez%21%20Te%20escribo%20desde%20San%20Juan%20por%20tu%20consultorio%20de%20psicolog%C3%ADa.%20Vi%20tus%20buenas%20referencias%20en%20Google%20pero%20not%C3%A9%20que%20no%20cont%C3%A1s%20con%20sitio%20web%20propio%20para%20que%20los%20pacientes%20vean%20tus%20especialidades%2C%20modalidad%20%28online/presencial%29%20y%20soliciten%20turno%20directo%20a%20tu%20WhatsApp.%20%C2%BFTe%20puedo%20compartir%20una%20demo%20r%C3%A1pida%20que%20armamos%20para%20profesionales%20de%20salud%3F""; ""Enviar WhatsApp"")",Sin página web,,https://www.google.com/maps/search/?api=1&query=Lic.%20Evelin%20Lopez&query_place_id=ChIJzXQsDWJrgZYRBpM91OrpmSY,,,"San Luis Este 865, J5400 San Juan, Argentina",San Juan
"Psicóloga Infantil, Lic. Diana Marcela Moreta",Servicio de salud mental,+54 264 527-9744,https://wa.me/5492645279744?text=Hola%20Psic%C3%B3loga%20Infantil%2C%20Lic.%20Diana%20Marcela%20Moreta%21%20Te%20escribo%20desde%20San%20Juan%20por%20tu%20consultorio%20de%20psicolog%C3%ADa.%20Vi%20tus%20buenas%20referencias%20en%20Google%20pero%20not%C3%A9%20que%20no%20cont%C3%A1s%20con%20sitio%20web%20propio%20para%20que%20los%20pacientes%20vean%20tus%20especialidades%2C%20modalidad%20%28online/presencial%29%20y%20soliciten%20turno%20directo%20a%20tu%20WhatsApp.%20%C2%BFTe%20puedo%20compartir%20una%20demo%20r%C3%A1pida%20que%20armamos%20para%20profesionales%20de%20salud%3F,"=HIPERVINCULO(""https://wa.me/5492645279744?text=Hola%20Psic%C3%B3loga%20Infantil%2C%20Lic.%20Diana%20Marcela%20Moreta%21%20Te%20escribo%20desde%20San%20Juan%20por%20tu%20consultorio%20de%20psicolog%C3%ADa.%20Vi%20tus%20buenas%20referencias%20en%20Google%20pero%20not%C3%A9%20que%20no%20cont%C3%A1s%20con%20sitio%20web%20propio%20para%20que%20los%20pacientes%20vean%20tus%20especialidades%2C%20modalidad%20%28online/presencial%29%20y%20soliciten%20turno%20directo%20a%20tu%20WhatsApp.%20%C2%BFTe%20puedo%20compartir%20una%20demo%20r%C3%A1pida%20que%20armamos%20para%20profesionales%20de%20salud%3F""; ""Enviar WhatsApp"")",Sin página web,,https://www.google.com/maps/search/?api=1&query=Psic%C3%B3loga%20Infantil%2C%20Lic.%20Diana%20Marcela%20Moreta&query_place_id=ChIJwasVGS1rgZYRYzHVbnqKjxQ,,,"Caseros Nte. 164 sur, J5400 San Juan, Argentina",San Juan
Licenciado en psicología Pablo Sillero,Psicólogo,+54 264 509-8024,https://wa.me/5492645098024?text=Hola%20Licenciado%20en%20psicolog%C3%ADa%20Pablo%20Sillero%21%20Te%20escribo%20desde%20San%20Juan%20por%20tu%20consultorio%20de%20psicolog%C3%ADa.%20Vi%20tus%20buenas%20referencias%20en%20Google%20pero%20not%C3%A9%20que%20no%20cont%C3%A1s%20con%20sitio%20web%20propio%20para%20que%20los%20pacientes%20vean%20tus%20especialidades%2C%20modalidad%20%28online/presencial%29%20y%20soliciten%20turno%20directo%20a%20tu%20WhatsApp.%20%C2%BFTe%20puedo%20compartir%20una%20demo%20r%C3%A1pida%20que%20armamos%20para%20profesionales%20de%20salud%3F,"=HIPERVINCULO(""https://wa.me/5492645098024?text=Hola%20Licenciado%20en%20psicolog%C3%ADa%20Pablo%20Sillero%21%20Te%20escribo%20desde%20San%20Juan%20por%20tu%20consultorio%20de%20psicolog%C3%ADa.%20Vi%20tus%20buenas%20referencias%20en%20Google%20pero%20not%C3%A9%20que%20no%20cont%C3%A1s%20con%20sitio%20web%20propio%20para%20que%20los%20pacientes%20vean%20tus%20especialidades%2C%20modalidad%20%28online/presencial%29%20y%20soliciten%20turno%20directo%20a%20tu%20WhatsApp.%20%C2%BFTe%20puedo%20compartir%20una%20demo%20r%C3%A1pida%20que%20armamos%20para%20profesionales%20de%20salud%3F""; ""Enviar WhatsApp"")",Sin página web,,https://www.google.com/maps/search/?api=1&query=Licenciado%20en%20psicolog%C3%ADa%20Pablo%20Sillero&query_place_id=ChIJKe6PdaBrgZYRBDRyqt9hrD0,5,2,"B. Mitre 131, J5400 San Juan, Argentina",San Juan
"CIS, Centro Interdisciplinario de Salud",Clínica ambulatoria,+54 264 427-8375,https://wa.me/5492644278375?text=Hola%20CIS%2C%20Centro%20Interdisciplinario%20de%20Salud%21%20Te%20escribo%20desde%20San%20Juan%20por%20tu%20consultorio%20de%20psicolog%C3%ADa.%20Vi%20tus%20buenas%20referencias%20en%20Google%20pero%20not%C3%A9%20que%20no%20cont%C3%A1s%20con%20sitio%20web%20propio%20para%20que%20los%20pacientes%20vean%20tus%20especialidades%2C%20modalidad%20%28online/presencial%29%20y%20soliciten%20turno%20directo%20a%20tu%20WhatsApp.%20%C2%BFTe%20puedo%20compartir%20una%20demo%20r%C3%A1pida%20que%20armamos%20para%20profesionales%20de%20salud%3F,"=HIPERVINCULO(""https://wa.me/5492644278375?text=Hola%20CIS%2C%20Centro%20Interdisciplinario%20de%20Salud%21%20Te%20escribo%20desde%20San%20Juan%20por%20tu%20consultorio%20de%20psicolog%C3%ADa.%20Vi%20tus%20buenas%20referencias%20en%20Google%20pero%20not%C3%A9%20que%20no%20cont%C3%A1s%20con%20sitio%20web%20propio%20para%20que%20los%20pacientes%20vean%20tus%20especialidades%2C%20modalidad%20%28online/presencial%29%20y%20soliciten%20turno%20directo%20a%20tu%20WhatsApp.%20%C2%BFTe%20puedo%20compartir%20una%20demo%20r%C3%A1pida%20que%20armamos%20para%20profesionales%20de%20salud%3F""; ""Enviar WhatsApp"")",Sin página web,,https://www.google.com/maps/search/?api=1&query=CIS%2C%20Centro%20Interdisciplinario%20de%20Salud&query_place_id=ChIJV7QnvIRqgZYRp0uYT_CZmf8,3.9,9,"Caseros Sur 160, J5402 ERD, San Juan, Argentina",ERD
Psicólogo Facundo Lloveras | CAUSA. Abordaje en Adicciones,Servicio de salud mental,+54 264 474-2364,https://wa.me/5492644742364?text=Hola%20Psic%C3%B3logo%20Facundo%20Lloveras%20%7C%20CAUSA.%20Abordaje%20en%20Adicciones%21%20Te%20escribo%20desde%20San%20Juan%20por%20tu%20consultorio%20de%20psicolog%C3%ADa.%20Vi%20tus%20buenas%20referencias%20en%20Google%20pero%20not%C3%A9%20que%20no%20cont%C3%A1s%20con%20sitio%20web%20propio%20para%20que%20los%20pacientes%20vean%20tus%20especialidades%2C%20modalidad%20%28online/presencial%29%20y%20soliciten%20turno%20directo%20a%20tu%20WhatsApp.%20%C2%BFTe%20puedo%20compartir%20una%20demo%20r%C3%A1pida%20que%20armamos%20para%20profesionales%20de%20salud%3F,"=HIPERVINCULO(""https://wa.me/5492644742364?text=Hola%20Psic%C3%B3logo%20Facundo%20Lloveras%20%7C%20CAUSA.%20Abordaje%20en%20Adicciones%21%20Te%20escribo%20desde%20San%20Juan%20por%20tu%20consultorio%20de%20psicolog%C3%ADa.%20Vi%20tus%20buenas%20referencias%20en%20Google%20pero%20not%C3%A9%20que%20no%20cont%C3%A1s%20con%20sitio%20web%20propio%20para%20que%20los%20pacientes%20vean%20tus%20especialidades%2C%20modalidad%20%28online/presencial%29%20y%20soliciten%20turno%20directo%20a%20tu%20WhatsApp.%20%C2%BFTe%20puedo%20compartir%20una%20demo%20r%C3%A1pida%20que%20armamos%20para%20profesionales%20de%20salud%3F""; ""Enviar WhatsApp"")",Sin página web,,https://www.google.com/maps/search/?api=1&query=Psic%C3%B3logo%20Facundo%20Lloveras%20%7C%20CAUSA.%20Abordaje%20en%20Adicciones&query_place_id=ChIJFapk3uTpvQ8Rw3GZ9oyE6VY,5,9,"A, Av. José Ignacio de la Roza Este 430, J5400 San Juan, Argentina",San Juan
ESPACIO DE ENCUENTRO SC - PSICOLOGIA,Asesor,+54 264 411-9716,https://wa.me/5492644119716?text=Hola%20ESPACIO%20DE%20ENCUENTRO%20SC%20-%20PSICOLOGIA%21%20Te%20escribo%20desde%20San%20Juan%20por%20tu%20consultorio%20de%20psicolog%C3%ADa.%20Vi%20tus%20buenas%20referencias%20en%20Google%20pero%20not%C3%A9%20que%20no%20cont%C3%A1s%20con%20sitio%20web%20propio%20para%20que%20los%20pacientes%20vean%20tus%20especialidades%2C%20modalidad%20%28online/presencial%29%20y%20soliciten%20turno%20directo%20a%20tu%20WhatsApp.%20%C2%BFTe%20puedo%20compartir%20una%20demo%20r%C3%A1pida%20que%20armamos%20para%20profesionales%20de%20salud%3F,"=HIPERVINCULO(""https://wa.me/5492644119716?text=Hola%20ESPACIO%20DE%20ENCUENTRO%20SC%20-%20PSICOLOGIA%21%20Te%20escribo%20desde%20San%20Juan%20por%20tu%20consultorio%20de%20psicolog%C3%ADa.%20Vi%20tus%20buenas%20referencias%20en%20Google%20pero%20not%C3%A9%20que%20no%20cont%C3%A1s%20con%20sitio%20web%20propio%20para%20que%20los%20pacientes%20vean%20tus%20especialidades%2C%20modalidad%20%28online/presencial%29%20y%20soliciten%20turno%20directo%20a%20tu%20WhatsApp.%20%C2%BFTe%20puedo%20compartir%20una%20demo%20r%C3%A1pida%20que%20armamos%20para%20profesionales%20de%20salud%3F""; ""Enviar WhatsApp"")",Sin página web,,https://www.google.com/maps/search/?api=1&query=ESPACIO%20DE%20ENCUENTRO%20SC%20-%20PSICOLOGIA&query_place_id=ChIJcegCMPF1KpQRZcLV6pJrQt8,4,1,"Obreros Sanjuaninos 872, J5400 San Juan, Argentina",San Juan
José Andrés Zuloaga Barreiro - Psicólogo Clínico - Analista Transaccional,Psicólogo,+54 264 504-0662,https://wa.me/5492645040662?text=Hola%20Jos%C3%A9%20Andr%C3%A9s%20Zuloaga%20Barreiro%20-%20Psic%C3%B3logo%20Cl%C3%ADnico%20-%20Analista%20Transaccional%21%20Te%20escribo%20desde%20San%20Juan%20por%20tu%20consultorio%20de%20psicolog%C3%ADa.%20Vi%20tus%20buenas%20referencias%20en%20Google%20pero%20not%C3%A9%20que%20no%20cont%C3%A1s%20con%20sitio%20web%20propio%20para%20que%20los%20pacientes%20vean%20tus%20especialidades%2C%20modalidad%20%28online/presencial%29%20y%20soliciten%20turno%20directo%20a%20tu%20WhatsApp.%20%C2%BFTe%20puedo%20compartir%20una%20demo%20r%C3%A1pida%20que%20armamos%20para%20profesionales%20de%20salud%3F,"=HIPERVINCULO(""https://wa.me/5492645040662?text=Hola%20Jos%C3%A9%20Andr%C3%A9s%20Zuloaga%20Barreiro%20-%20Psic%C3%B3logo%20Cl%C3%ADnico%20-%20Analista%20Transaccional%21%20Te%20escribo%20desde%20San%20Juan%20por%20tu%20consultorio%20de%20psicolog%C3%ADa.%20Vi%20tus%20buenas%20referencias%20en%20Google%20pero%20not%C3%A9%20que%20no%20cont%C3%A1s%20con%20sitio%20web%20propio%20para%20que%20los%20pacientes%20vean%20tus%20especialidades%2C%20modalidad%20%28online/presencial%29%20y%20soliciten%20turno%20directo%20a%20tu%20WhatsApp.%20%C2%BFTe%20puedo%20compartir%20una%20demo%20r%C3%A1pida%20que%20armamos%20para%20profesionales%20de%20salud%3F""; ""Enviar WhatsApp"")",Sin página web,,https://www.google.com/maps/search/?api=1&query=Jos%C3%A9%20Andr%C3%A9s%20Zuloaga%20Barreiro%20-%20Psic%C3%B3logo%20Cl%C3%ADnico%20-%20Analista%20Transaccional&query_place_id=ChIJn_cSHX9rgZYR68y_SiepH6A,,,"Gral Mariano Acha Sur 748, J5402EGP San Juan, Argentina",San Juan
