Negocio;Zona;Situación Web;Instagram / Enlace;Contacto WhatsApp;Mi Seguimiento
Finca El Algarrobal;San Juan;Sin página web;No tiene;"=HIPERVINCULO(""https://wa.me/5492644650674?text=Hola%20gente%20de%20Finca%20El%20Algarrobal%21%20Les%20escribo%20de%20Erik%20Web%20Studio%20en%20San%20Juan.%20Vi%20que%20tienen%20excelentes%20referencias%20pero%20no%20cuentan%20con%20web%20oficial%20para%20mostrar%20las%20instalaciones%20y%20fotos%20del%20sal%C3%B3n.%20%C2%BFLes%20puedo%20compartir%20una%20demo%20r%C3%A1pida%20que%20armamos%20para%20eventos%3F""; ""Enviar WhatsApp"")";Pendiente
Salón San Marino;Santa Lucía;Sin página web;No tiene;"=HIPERVINCULO(""https://wa.me/5492644600536?text=Hola%20gente%20de%20Sal%C3%B3n%20San%20Marino%21%20Les%20escribo%20de%20Erik%20Web%20Studio%20en%20San%20Juan.%20Vi%20que%20tienen%20excelentes%20referencias%20pero%20no%20cuentan%20con%20web%20oficial%20para%20mostrar%20las%20instalaciones%20y%20fotos%20del%20sal%C3%B3n.%20%C2%BFLes%20puedo%20compartir%20una%20demo%20r%C3%A1pida%20que%20armamos%20para%20eventos%3F""; ""Enviar WhatsApp"")";Pendiente
FÚTBOL Y PÁDEL JACHAL;San Jose de Jachal;Sin página web;No tiene;"=HIPERVINCULO(""https://wa.me/5492645278508?text=Hola%20gente%20de%20F%C3%9ATBOL%20Y%20P%C3%81DEL%20JACHAL%21%20Les%20escribo%20de%20Erik%20Web%20Studio%20en%20San%20Juan.%20Vi%20que%20tienen%20excelentes%20referencias%20pero%20no%20cuentan%20con%20web%20oficial%20para%20mostrar%20las%20instalaciones%20y%20fotos%20del%20sal%C3%B3n.%20%C2%BFLes%20puedo%20compartir%20una%20demo%20r%C3%A1pida%20que%20armamos%20para%20eventos%3F""; ""Enviar WhatsApp"")";Pendiente
VaBel salon de eventos;San Jose de Jachal;Sin página web;No tiene;"=HIPERVINCULO(""https://wa.me/5492645047128?text=Hola%20gente%20de%20VaBel%20salon%20de%20eventos%21%20Les%20escribo%20de%20Erik%20Web%20Studio%20en%20San%20Juan.%20Vi%20que%20tienen%20excelentes%20referencias%20pero%20no%20cuentan%20con%20web%20oficial%20para%20mostrar%20las%20instalaciones%20y%20fotos%20del%20sal%C3%B3n.%20%C2%BFLes%20puedo%20compartir%20una%20demo%20r%C3%A1pida%20que%20armamos%20para%20eventos%3F""; ""Enviar WhatsApp"")";Pendiente
Milenios Salón de Eventos;San Juan;Sin página web;No tiene;"=HIPERVINCULO(""https://wa.me/5492645044038?text=Hola%20gente%20de%20Milenios%20Sal%C3%B3n%20de%20Eventos%21%20Les%20escribo%20de%20Erik%20Web%20Studio%20en%20San%20Juan.%20Vi%20que%20tienen%20excelentes%20referencias%20pero%20no%20cuentan%20con%20web%20oficial%20para%20mostrar%20las%20instalaciones%20y%20fotos%20del%20sal%C3%B3n.%20%C2%BFLes%20puedo%20compartir%20una%20demo%20r%C3%A1pida%20que%20armamos%20para%20eventos%3F""; ""Enviar WhatsApp"")";Pendiente
Galana Eventos en San Juan;Santa Lucía;Solo Instagram / Red;https://www.instagram.com/galanaeventos?igsh=MXMyaTEzbjc0NTd3cw==;"=HIPERVINCULO(""https://wa.me/5492644512041?text=Hola%20gente%20de%20Galana%20Eventos%20en%20San%20Juan%21%20Les%20escribo%20de%20Erik%20Web%20Studio%20en%20San%20Juan.%20Vi%20que%20tienen%20excelentes%20referencias%20pero%20no%20cuentan%20con%20web%20oficial%20para%20mostrar%20las%20instalaciones%20y%20fotos%20del%20sal%C3%B3n.%20%C2%BFLes%20puedo%20compartir%20una%20demo%20r%C3%A1pida%20que%20armamos%20para%20eventos%3F""; ""Enviar WhatsApp"")";Pendiente
Cabañas y Salón de Eventos La Retirada;San Juan;Sin página web;No tiene;"=HIPERVINCULO(""https://wa.me/5492645729400?text=Hola%20gente%20de%20Caba%C3%B1as%20y%20Sal%C3%B3n%20de%20Eventos%20La%20Retirada%21%20Les%20escribo%20de%20Erik%20Web%20Studio%20en%20San%20Juan.%20Vi%20que%20tienen%20excelentes%20referencias%20pero%20no%20cuentan%20con%20web%20oficial%20para%20mostrar%20las%20instalaciones%20y%20fotos%20del%20sal%C3%B3n.%20%C2%BFLes%20puedo%20compartir%20una%20demo%20r%C3%A1pida%20que%20armamos%20para%20eventos%3F""; ""Enviar WhatsApp"")";Pendiente
Quinta Nazareno;San Juan;Sin página web;No tiene;"=HIPERVINCULO(""https://wa.me/5492645081514?text=Hola%20gente%20de%20Quinta%20Nazareno%21%20Les%20escribo%20de%20Erik%20Web%20Studio%20en%20San%20Juan.%20Vi%20que%20tienen%20excelentes%20referencias%20pero%20no%20cuentan%20con%20web%20oficial%20para%20mostrar%20las%20instalaciones%20y%20fotos%20del%20sal%C3%B3n.%20%C2%BFLes%20puedo%20compartir%20una%20demo%20r%C3%A1pida%20que%20armamos%20para%20eventos%3F""; ""Enviar WhatsApp"")";Pendiente
Salon Peumayen Eventos;Pocito;Sin página web;No tiene;"=HIPERVINCULO(""https://wa.me/5492644040316?text=Hola%20gente%20de%20Salon%20Peumayen%20Eventos%21%20Les%20escribo%20de%20Erik%20Web%20Studio%20en%20San%20Juan.%20Vi%20que%20tienen%20excelentes%20referencias%20pero%20no%20cuentan%20con%20web%20oficial%20para%20mostrar%20las%20instalaciones%20y%20fotos%20del%20sal%C3%B3n.%20%C2%BFLes%20puedo%20compartir%20una%20demo%20r%C3%A1pida%20que%20armamos%20para%20eventos%3F""; ""Enviar WhatsApp"")";Pendiente
Salón Viñas;San Juan;Sin página web;No tiene;"=HIPERVINCULO(""https://wa.me/5492645691500?text=Hola%20gente%20de%20Sal%C3%B3n%20Vi%C3%B1as%21%20Les%20escribo%20de%20Erik%20Web%20Studio%20en%20San%20Juan.%20Vi%20que%20tienen%20excelentes%20referencias%20pero%20no%20cuentan%20con%20web%20oficial%20para%20mostrar%20las%20instalaciones%20y%20fotos%20del%20sal%C3%B3n.%20%C2%BFLes%20puedo%20compartir%20una%20demo%20r%C3%A1pida%20que%20armamos%20para%20eventos%3F""; ""Enviar WhatsApp"")";Pendiente
El Castillo Eventos;San Juan;Solo Instagram / Red;https://www.instagram.com/el.castilloeventos?igsh=NW9vbHhtYXBzeXFw;"=HIPERVINCULO(""https://wa.me/5492644110459?text=Hola%20gente%20de%20El%20Castillo%20Eventos%21%20Les%20escribo%20de%20Erik%20Web%20Studio%20en%20San%20Juan.%20Vi%20que%20tienen%20excelentes%20referencias%20pero%20no%20cuentan%20con%20web%20oficial%20para%20mostrar%20las%20instalaciones%20y%20fotos%20del%20sal%C3%B3n.%20%C2%BFLes%20puedo%20compartir%20una%20demo%20r%C3%A1pida%20que%20armamos%20para%20eventos%3F""; ""Enviar WhatsApp"")";Pendiente
ESPACIO PARA EVENTOS LA JOSEFINA;Chimbas;Sin página web;No tiene;"=HIPERVINCULO(""https://wa.me/5492645824713?text=Hola%20gente%20de%20ESPACIO%20PARA%20EVENTOS%20LA%20JOSEFINA%21%20Les%20escribo%20de%20Erik%20Web%20Studio%20en%20San%20Juan.%20Vi%20que%20tienen%20excelentes%20referencias%20pero%20no%20cuentan%20con%20web%20oficial%20para%20mostrar%20las%20instalaciones%20y%20fotos%20del%20sal%C3%B3n.%20%C2%BFLes%20puedo%20compartir%20una%20demo%20r%C3%A1pida%20que%20armamos%20para%20eventos%3F""; ""Enviar WhatsApp"")";Pendiente
Renacer Eventos;Chimbas;Solo Instagram / Red;https://www.instagram.com/renacer.eventos.pj?igsh=MzBwdmVzbW5oaXcx&utm_source=qr;"=HIPERVINCULO(""https://wa.me/5492646225743?text=Hola%20gente%20de%20Renacer%20Eventos%21%20Les%20escribo%20de%20Erik%20Web%20Studio%20en%20San%20Juan.%20Vi%20que%20tienen%20excelentes%20referencias%20pero%20no%20cuentan%20con%20web%20oficial%20para%20mostrar%20las%20instalaciones%20y%20fotos%20del%20sal%C3%B3n.%20%C2%BFLes%20puedo%20compartir%20una%20demo%20r%C3%A1pida%20que%20armamos%20para%20eventos%3F""; ""Enviar WhatsApp"")";Pendiente
Palmares Salón de Eventos;Chimbas;Sin página web;No tiene;"=HIPERVINCULO(""https://wa.me/5492644467560?text=Hola%20gente%20de%20Palmares%20Sal%C3%B3n%20de%20Eventos%21%20Les%20escribo%20de%20Erik%20Web%20Studio%20en%20San%20Juan.%20Vi%20que%20tienen%20excelentes%20referencias%20pero%20no%20cuentan%20con%20web%20oficial%20para%20mostrar%20las%20instalaciones%20y%20fotos%20del%20sal%C3%B3n.%20%C2%BFLes%20puedo%20compartir%20una%20demo%20r%C3%A1pida%20que%20armamos%20para%20eventos%3F""; ""Enviar WhatsApp"")";Pendiente
Posta Chacrita salon de eventos;Nueve de Julio;Sin página web;No tiene;"=HIPERVINCULO(""https://wa.me/5492644478371?text=Hola%20gente%20de%20Posta%20Chacrita%20salon%20de%20eventos%21%20Les%20escribo%20de%20Erik%20Web%20Studio%20en%20San%20Juan.%20Vi%20que%20tienen%20excelentes%20referencias%20pero%20no%20cuentan%20con%20web%20oficial%20para%20mostrar%20las%20instalaciones%20y%20fotos%20del%20sal%C3%B3n.%20%C2%BFLes%20puedo%20compartir%20una%20demo%20r%C3%A1pida%20que%20armamos%20para%20eventos%3F""; ""Enviar WhatsApp"")";Pendiente
Finca El Oasis;Pampa del Chañar;Sin página web;No tiene;"=HIPERVINCULO(""https://wa.me/5492644183410?text=Hola%20gente%20de%20Finca%20El%20Oasis%21%20Les%20escribo%20de%20Erik%20Web%20Studio%20en%20San%20Juan.%20Vi%20que%20tienen%20excelentes%20referencias%20pero%20no%20cuentan%20con%20web%20oficial%20para%20mostrar%20las%20instalaciones%20y%20fotos%20del%20sal%C3%B3n.%20%C2%BFLes%20puedo%20compartir%20una%20demo%20r%C3%A1pida%20que%20armamos%20para%20eventos%3F""; ""Enviar WhatsApp"")";Pendiente
Le Parc Eventos;San Juan;Sin página web;No tiene;"=HIPERVINCULO(""https://wa.me/5492645836491?text=Hola%20gente%20de%20Le%20Parc%20Eventos%21%20Les%20escribo%20de%20Erik%20Web%20Studio%20en%20San%20Juan.%20Vi%20que%20tienen%20excelentes%20referencias%20pero%20no%20cuentan%20con%20web%20oficial%20para%20mostrar%20las%20instalaciones%20y%20fotos%20del%20sal%C3%B3n.%20%C2%BFLes%20puedo%20compartir%20una%20demo%20r%C3%A1pida%20que%20armamos%20para%20eventos%3F""; ""Enviar WhatsApp"")";Pendiente
Puerto Madero Eventos;Rawson;Sin página web;No tiene;"=HIPERVINCULO(""https://wa.me/5492646626166?text=Hola%20gente%20de%20Puerto%20Madero%20Eventos%21%20Les%20escribo%20de%20Erik%20Web%20Studio%20en%20San%20Juan.%20Vi%20que%20tienen%20excelentes%20referencias%20pero%20no%20cuentan%20con%20web%20oficial%20para%20mostrar%20las%20instalaciones%20y%20fotos%20del%20sal%C3%B3n.%20%C2%BFLes%20puedo%20compartir%20una%20demo%20r%C3%A1pida%20que%20armamos%20para%20eventos%3F""; ""Enviar WhatsApp"")";Pendiente
Parque Mágico salón de eventos;Santa Lucía;Sin página web;No tiene;"=HIPERVINCULO(""https://wa.me/5492646272636?text=Hola%20gente%20de%20Parque%20M%C3%A1gico%20sal%C3%B3n%20de%20eventos%21%20Les%20escribo%20de%20Erik%20Web%20Studio%20en%20San%20Juan.%20Vi%20que%20tienen%20excelentes%20referencias%20pero%20no%20cuentan%20con%20web%20oficial%20para%20mostrar%20las%20instalaciones%20y%20fotos%20del%20sal%C3%B3n.%20%C2%BFLes%20puedo%20compartir%20una%20demo%20r%C3%A1pida%20que%20armamos%20para%20eventos%3F""; ""Enviar WhatsApp"")";Pendiente
Salón El Prado;San Juan;Sin página web;No tiene;"=HIPERVINCULO(""https://wa.me/5492644137277?text=Hola%20gente%20de%20Sal%C3%B3n%20El%20Prado%21%20Les%20escribo%20de%20Erik%20Web%20Studio%20en%20San%20Juan.%20Vi%20que%20tienen%20excelentes%20referencias%20pero%20no%20cuentan%20con%20web%20oficial%20para%20mostrar%20las%20instalaciones%20y%20fotos%20del%20sal%C3%B3n.%20%C2%BFLes%20puedo%20compartir%20una%20demo%20r%C3%A1pida%20que%20armamos%20para%20eventos%3F""; ""Enviar WhatsApp"")";Pendiente
